bank,index,name,category,algorithm,file
native,0,Ballad EP ,1,13,presets\native\000_Ballad_EP.syx
native,1,Clavmann  ,1,35,presets\native\001_Clavmann.syx
native,2,Clavmann 2,1,35,presets\native\002_Clavmann_2.syx
native,3,Digi Clav ,1,81,presets\native\003_Digi_Clav.syx
native,4,DX7Classic,1,13,presets\native\004_DX7Classic.syx
native,5,Mtrial Pno,1,69,presets\native\005_Mtrial_Pno.syx
native,6,MtrialPno2,1,69,presets\native\006_MtrialPno2.syx
native,7,MtrialPno3,1,69,presets\native\007_MtrialPno3.syx
native,8,Real Rose ,1,67,presets\native\008_Real_Rose.syx
native,9,Rose Att  ,1,13,presets\native\009_Rose_Att.syx
native,10,Rose Sft1 ,1,67,presets\native\010_Rose_Sft1.syx
native,11,Rose Sft2 ,1,67,presets\native\011_Rose_Sft2.syx
native,12,Suit Rose ,1,67,presets\native\012_Suit_Rose.syx
native,13,Velvt Rose,1,67,presets\native\013_Velvt_Rose.syx
native,14,4 Op Clav ,1,67,presets\native\014_4_Op_Clav.syx
native,15,Da Comp   ,2,15,presets\native\015_Da_Comp.syx
native,16,Synth Bell,2,67,presets\native\016_Synth_Bell.syx
native,17,Tabla     ,2,67,presets\native\017_Tabla.syx
native,18,B3JazzComp,3,1,presets\native\018_B3JazzComp.syx
native,19,B3Perc3rd ,3,1,presets\native\019_B3Perc3rd.syx
native,20,DrawOrgn  ,3,1,presets\native\020_DrawOrgn.syx
native,21,DrawOrgn2 ,3,1,presets\native\021_DrawOrgn2.syx
native,22,DrawOrgn3 ,3,1,presets\native\022_DrawOrgn3.syx
native,23,Fs-Organ  ,3,1,presets\native\023_Fs-Organ.syx
native,24,Full Drawb,3,1,presets\native\024_Full_Drawb.syx
native,25,Ham Organ ,3,1,presets\native\025_Ham_Organ.syx
native,26,OR-Right  ,3,1,presets\native\026_OR-Right.syx
native,27,Organ Fseq,3,30,presets\native\027_Organ_Fseq.syx
native,28,The Lounge,3,67,presets\native\028_The_Lounge.syx
native,29,Jazz Gtr  ,4,17,presets\native\029_Jazz_Gtr.syx
native,30,Stratmann ,4,35,presets\native\030_Stratmann.syx
native,31,Acid King ,5,72,presets\native\031_Acid_King.syx
native,32,Ana Bass  ,5,1,presets\native\032_Ana_Bass.syx
native,33,AttackBass,5,14,presets\native\033_AttackBass.syx
native,34,B-Rave    ,5,14,presets\native\034_B-Rave.syx
native,35,Bassline 1,5,17,presets\native\035_Bassline_1.syx
native,36,Bassline 2,5,17,presets\native\036_Bassline_2.syx
native,37,BlegBass  ,5,2,presets\native\037_BlegBass.syx
native,38,DidgBass  ,5,11,presets\native\038_DidgBass.syx
native,39,Dry Syn   ,5,17,presets\native\039_Dry_Syn.syx
native,40,FM Bass   ,5,69,presets\native\040_FM_Bass.syx
native,41,FundaBass ,5,1,presets\native\041_FundaBass.syx
native,42,HyperFuzz ,5,17,presets\native\042_HyperFuzz.syx
native,43,JungleBass,5,13,presets\native\043_JungleBass.syx
native,44,LoFiAcid  ,5,81,presets\native\044_LoFiAcid.syx
native,45,Matze     ,5,23,presets\native\045_Matze.syx
native,46,Moon Bass ,5,6,presets\native\046_Moon_Bass.syx
native,47,Phone Bass,5,7,presets\native\047_Phone_Bass.syx
native,48,PlastBass ,5,14,presets\native\048_PlastBass.syx
native,49,PunchBass ,5,17,presets\native\049_PunchBass.syx
native,50,Syn Bass  ,5,81,presets\native\050_Syn_Bass.syx
native,51,Technical ,5,13,presets\native\051_Technical.syx
native,52,FairyStrgs,6,17,presets\native\052_FairyStrgs.syx
native,53,JMichel   ,6,17,presets\native\053_JMichel.syx
native,54,OB String ,6,17,presets\native\054_OB_String.syx
native,55,ResoStrgs ,6,17,presets\native\055_ResoStrgs.syx
native,56,Saws      ,6,67,presets\native\056_Saws.syx
native,57,SloDu Saws,6,17,presets\native\057_SloDu_Saws.syx
native,58,SS String ,6,17,presets\native\058_SS_String.syx
native,59,SS String2,6,17,presets\native\059_SS_String2.syx
native,60,HitMatrial,7,67,presets\native\060_HitMatrial.syx
native,61,ANSweep   ,8,17,presets\native\061_ANSweep.syx
native,62,FS Brass  ,8,17,presets\native\062_FS_Brass.syx
native,63,Hook      ,8,17,presets\native\063_Hook.syx
native,64,ObiehornL ,8,17,presets\native\064_ObiehornL.syx
native,65,ObiehornR ,8,17,presets\native\065_ObiehornR.syx
native,66,Quackz    ,8,5,presets\native\066_Quackz.syx
native,67,Stab      ,8,17,presets\native\067_Stab.syx
native,68,Swell     ,8,17,presets\native\068_Swell.syx
native,69,Kuchibue  ,10,78,presets\native\069_Kuchibue.syx
native,70,Dual Saws2,11,17,presets\native\070_Dual_Saws2.syx
native,71,DualSquare,11,17,presets\native\071_DualSquare.syx
native,72,Earth Lead,11,17,presets\native\072_Earth_Lead.syx
native,73,Fetish    ,11,19,presets\native\073_Fetish.syx
native,74,Glass Harp,11,72,presets\native\074_Glass_Harp.syx
native,75,Glider    ,11,77,presets\native\075_Glider.syx
native,76,Lead Saw  ,11,23,presets\native\076_Lead_Saw.syx
native,77,Mitosis   ,11,12,presets\native\077_Mitosis.syx
native,78,Retronic  ,11,1,presets\native\078_Retronic.syx
native,79,Score Pad ,11,81,presets\native\079_Score_Pad.syx
native,80,Tech Lead ,11,17,presets\native\080_Tech_Lead.syx
native,81,Trance Csm,11,67,presets\native\081_Trance_Csm.syx
native,82,Voc Lead  ,11,1,presets\native\082_Voc_Lead.syx
native,83,Add Pad   ,12,8,presets\native\083_Add_Pad.syx
native,84,Beauty    ,12,67,presets\native\084_Beauty.syx
native,85,Brassetra ,12,1,presets\native\085_Brassetra.syx
native,86,CineSweep ,12,1,presets\native\086_CineSweep.syx
native,87,Fat Pad   ,12,81,presets\native\087_Fat_Pad.syx
native,88,FormantPad,12,8,presets\native\088_FormantPad.syx
native,89,FormSweep1,12,71,presets\native\089_FormSweep1.syx
native,90,FormSweep2,12,7,presets\native\090_FormSweep2.syx
native,91,FormSweep3,12,8,presets\native\091_FormSweep3.syx
native,92,FormSweep4,12,1,presets\native\092_FormSweep4.syx
native,93,FS Moby II,12,78,presets\native\093_FS_Moby_II.syx
native,94,Heimdal   ,12,72,presets\native\094_Heimdal.syx
native,95,LFO Pad   ,12,71,presets\native\095_LFO_Pad.syx
native,96,Moving    ,12,20,presets\native\096_Moving.syx
native,97,Nebulous  ,12,1,presets\native\097_Nebulous.syx
native,98,OBx Pad   ,12,81,presets\native\098_OBx_Pad.syx
native,99,OBx Pad2  ,12,10,presets\native\099_OBx_Pad2.syx
native,100,Octavian  ,12,12,presets\native\100_Octavian.syx
native,101,Paddy     ,12,8,presets\native\101_Paddy.syx
native,102,Qwerty    ,12,7,presets\native\102_Qwerty.syx
native,103,Saws&Hold ,12,67,presets\native\103_Saws_Hold.syx
native,104,Saws2     ,12,65,presets\native\104_Saws2.syx
native,105,SleepyPad ,12,8,presets\native\105_SleepyPad.syx
native,106,Spacy Pad ,12,81,presets\native\106_Spacy_Pad.syx
native,107,Starship  ,12,1,presets\native\107_Starship.syx
native,108,SuperPad  ,12,81,presets\native\108_SuperPad.syx
native,109,SweepersVx,12,1,presets\native\109_SweepersVx.syx
native,110,Tech Lead2,12,67,presets\native\110_Tech_Lead2.syx
native,111,The Seeker,12,1,presets\native\111_The_Seeker.syx
native,112,The Shadow,12,15,presets\native\112_The_Shadow.syx
native,113,Thermal   ,12,84,presets\native\113_Thermal.syx
native,114,VocPhaseA ,12,1,presets\native\114_VocPhaseA.syx
native,115,Win Pad   ,12,1,presets\native\115_Win_Pad.syx
native,116,Wind      ,12,74,presets\native\116_Wind.syx
native,117,Caravan   ,13,67,presets\native\117_Caravan.syx
native,118,DippeDut  ,13,1,presets\native\118_DippeDut.syx
native,119,Furry Bell,13,72,presets\native\119_Furry_Bell.syx
native,120,Glacial   ,13,67,presets\native\120_Glacial.syx
native,121,Miracle   ,13,81,presets\native\121_Miracle.syx
native,122,MizuGuitar,13,67,presets\native\122_MizuGuitar.syx
native,123,Morph     ,13,67,presets\native\123_Morph.syx
native,124,Nightmare ,13,67,presets\native\124_Nightmare.syx
native,125,RythmLoop ,13,1,presets\native\125_RythmLoop.syx
native,126,Sho       ,13,1,presets\native\126_Sho.syx
native,127,Spiral    ,13,71,presets\native\127_Spiral.syx
native,128,BagPipe   ,14,14,presets\native\128_BagPipe.syx
native,129,BagPipe-dl,14,14,presets\native\129_BagPipe-dl.syx
native,130,Gamelan   ,14,67,presets\native\130_Gamelan.syx
native,131,Gamelan2  ,14,13,presets\native\131_Gamelan2.syx
native,132,Mukkuri   ,14,80,presets\native\132_Mukkuri.syx
native,133,SuikinStr ,14,14,presets\native\133_SuikinStr.syx
native,134,Thai Boxin,14,13,presets\native\134_Thai_Boxin.syx
native,135,ThumKalimb,14,8,presets\native\135_ThumKalimb.syx
native,136,Big-Gamlan,15,9,presets\native\136_Big-Gamlan.syx
native,137,Eth-Drum1 ,15,67,presets\native\137_Eth-Drum1.syx
native,138,Eth-Drum2 ,15,67,presets\native\138_Eth-Drum2.syx
native,139,Beep VoX  ,16,6,presets\native\139_Beep_VoX.syx
native,140,Dark      ,16,9,presets\native\140_Dark.syx
native,141,ForceField,16,6,presets\native\141_ForceField.syx
native,142,Ghost     ,16,6,presets\native\142_Ghost.syx
native,143,Ghost2    ,16,19,presets\native\143_Ghost2.syx
native,144,Magic     ,16,21,presets\native\144_Magic.syx
native,145,Night     ,16,1,presets\native\145_Night.syx
native,146,Open Fseq ,16,9,presets\native\146_Open_Fseq.syx
native,147,RadioNoise,16,2,presets\native\147_RadioNoise.syx
native,148,Reso SE   ,16,1,presets\native\148_Reso_SE.syx
native,149,Saucer    ,16,1,presets\native\149_Saucer.syx
native,150,Scaling SE,16,7,presets\native\150_Scaling_SE.syx
native,151,Slow Atk  ,16,20,presets\native\151_Slow_Atk.syx
native,152,SpaceBomb ,16,6,presets\native\152_SpaceBomb.syx
native,153,WalkinRobo,16,14,presets\native\153_WalkinRobo.syx
native,154,Warp1     ,16,69,presets\native\154_Warp1.syx
native,155,Warp2     ,16,3,presets\native\155_Warp2.syx
native,156,09 OpenHat,17,27,presets\native\156_09_OpenHat.syx
native,157,09ClHatBel,17,27,presets\native\157_09ClHatBel.syx
native,158,Beat BD   ,17,82,presets\native\158_Beat_BD.syx
native,159,Beat Cym  ,17,67,presets\native\159_Beat_Cym.syx
native,160,Beat SD   ,17,67,presets\native\160_Beat_SD.syx
native,161,Beat Zap  ,17,67,presets\native\161_Beat_Zap.syx
native,162,Boom      ,17,59,presets\native\162_Boom.syx
native,163,Choos     ,17,83,presets\native\163_Choos.syx
native,164,ClosedHat1,17,11,presets\native\164_ClosedHat1.syx
native,165,ClosedHat2,17,76,presets\native\165_ClosedHat2.syx
native,166,DanceKick ,17,1,presets\native\166_DanceKick.syx
native,167,FS-Kick1  ,17,1,presets\native\167_FS-Kick1.syx
native,168,FS-Kick2  ,17,1,presets\native\168_FS-Kick2.syx
native,169,FS-Kick3  ,17,1,presets\native\169_FS-Kick3.syx
native,170,Hatty     ,17,67,presets\native\170_Hatty.syx
native,171,Hihat     ,17,1,presets\native\171_Hihat.syx
native,172,Nu Kick 1 ,17,25,presets\native\172_Nu_Kick_1.syx
native,173,Nu Kick 2 ,17,81,presets\native\173_Nu_Kick_2.syx
native,174,Nu Kick 3 ,17,81,presets\native\174_Nu_Kick_3.syx
native,175,Nu Snare 1,17,10,presets\native\175_Nu_Snare_1.syx
native,176,Nu Snare 2,17,10,presets\native\176_Nu_Snare_2.syx
native,177,Nu Snare 3,17,10,presets\native\177_Nu_Snare_3.syx
native,178,Open Hat 1,17,11,presets\native\178_Open_Hat_1.syx
native,179,Open Hat 2,17,76,presets\native\179_Open_Hat_2.syx
native,180,PowerKick ,17,1,presets\native\180_PowerKick.syx
native,181,Snare     ,17,67,presets\native\181_Snare.syx
native,182,Tchak     ,17,67,presets\native\182_Tchak.syx
native,183,Tech BD   ,17,36,presets\native\183_Tech_BD.syx
native,184,Tech HH   ,17,67,presets\native\184_Tech_HH.syx
native,185,Tech Rim  ,17,67,presets\native\185_Tech_Rim.syx
native,186,Tech SD   ,17,67,presets\native\186_Tech_SD.syx
native,187,TR Kick   ,17,25,presets\native\187_TR_Kick.syx
native,188,TR Snare  ,17,10,presets\native\188_TR_Snare.syx
native,189,DigiSQ1R  ,18,33,presets\native\189_DigiSQ1R.syx
native,190,DigiSQ3   ,18,33,presets\native\190_DigiSQ3.syx
native,191,DogBytes  ,18,53,presets\native\191_DogBytes.syx
native,192,Fast&Cheap,18,81,presets\native\192_Fast_Cheap.syx
native,193,Fmt-Pluck ,18,67,presets\native\193_Fmt-Pluck.syx
native,194,FunKey    ,18,17,presets\native\194_FunKey.syx
native,195,Funky Tech,18,33,presets\native\195_Funky_Tech.syx
native,196,Fusion    ,18,1,presets\native\196_Fusion.syx
native,197,Metallic  ,18,11,presets\native\197_Metallic.syx
native,198,NoiseDecay,18,13,presets\native\198_NoiseDecay.syx
native,199,Raymond   ,18,11,presets\native\199_Raymond.syx
native,200,SawSaw    ,18,67,presets\native\200_SawSaw.syx
native,201,Snow Decay,18,72,presets\native\201_Snow_Decay.syx
native,202,Snow Pixy ,18,67,presets\native\202_Snow_Pixy.syx
native,203,Spellbound,18,81,presets\native\203_Spellbound.syx
native,204,Syncorgano,18,58,presets\native\204_Syncorgano.syx
native,205,Thin Mini ,18,18,presets\native\205_Thin_Mini.syx
native,206,VeloSweep ,18,17,presets\native\206_VeloSweep.syx
native,207,Vox Tron  ,18,15,presets\native\207_Vox_Tron.syx
native,208,Zansyo    ,18,72,presets\native\208_Zansyo.syx
native,209,Zapper    ,18,12,presets\native\209_Zapper.syx
native,210,Celebratn ,19,8,presets\native\210_Celebratn.syx
native,211,Eh Human  ,19,8,presets\native\211_Eh_Human.syx
native,212,FairyVoice,19,8,presets\native\212_FairyVoice.syx
native,213,FormSweep ,19,8,presets\native\213_FormSweep.syx
native,214,FS-Choir  ,19,1,presets\native\214_FS-Choir.syx
native,215,FS-Sweep  ,19,1,presets\native\215_FS-Sweep.syx
native,216,Homy      ,19,1,presets\native\216_Homy.syx
native,217,Human     ,19,8,presets\native\217_Human.syx
native,218,Ih Human  ,19,8,presets\native\218_Ih_Human.syx
native,219,Man_Eh    ,19,1,presets\native\219_Man_Eh.syx
native,220,NoisyVce  ,19,8,presets\native\220_NoisyVce.syx
native,221,Oh Human  ,19,8,presets\native\221_Oh_Human.syx
native,222,Shaman Woo,19,67,presets\native\222_Shaman_Woo.syx
native,223,Spacy Aaah,19,8,presets\native\223_Spacy_Aaah.syx
native,224,Spacy FX  ,19,8,presets\native\224_Spacy_FX.syx
native,225,SpacySweep,19,8,presets\native\225_SpacySweep.syx
native,226,SweepyVce ,19,8,presets\native\226_SweepyVce.syx
native,227,VocoSweep ,19,1,presets\native\227_VocoSweep.syx
native,228,VocPhaseB ,19,1,presets\native\228_VocPhaseB.syx
native,229,AN Arp 1  ,22,17,presets\native\229_AN_Arp_1.syx
native,230,AN Arp 2  ,22,17,presets\native\230_AN_Arp_2.syx
native,231,Compu Saw ,22,17,presets\native\231_Compu_Saw.syx
native,232,DigiSQ1   ,22,11,presets\native\232_DigiSQ1.syx
native,233,DigiSQ2   ,22,11,presets\native\233_DigiSQ2.syx
native,234,Drw-EuroDr,22,67,presets\native\234_Drw-EuroDr.syx
native,235,Hard Pulse,22,11,presets\native\235_Hard_Pulse.syx
native,236,Harry     ,22,11,presets\native\236_Harry.syx
native,237,New Key   ,22,17,presets\native\237_New_Key.syx
native,238,Power Key ,22,11,presets\native\238_Power_Key.syx
native,239,RythmLoop2,22,1,presets\native\239_RythmLoop2.syx
native,240,Saw Pad   ,22,17,presets\native\240_Saw_Pad.syx
native,241,TekBass   ,22,17,presets\native\241_TekBass.syx
native,242,FseqBase01,0,1,presets\native\242_FseqBase01.syx
native,243,FseqBase02,0,1,presets\native\243_FseqBase02.syx
native,244,FseqBase03,0,1,presets\native\244_FseqBase03.syx
native,245,FseqBase04,0,1,presets\native\245_FseqBase04.syx
native,246,FseqBase05,0,1,presets\native\246_FseqBase05.syx
native,247,FseqBase06,0,6,presets\native\247_FseqBase06.syx
native,248,FseqBase07,0,6,presets\native\248_FseqBase07.syx
native,249,FseqBase08,0,6,presets\native\249_FseqBase08.syx
native,250,FseqBase09,0,1,presets\native\250_FseqBase09.syx
native,251,FseqBase10,0,1,presets\native\251_FseqBase10.syx
native,252,FseqBase11,0,1,presets\native\252_FseqBase11.syx
native,253,FseqBase12,0,1,presets\native\253_FseqBase12.syx
native,254,FseqBase13,0,1,presets\native\254_FseqBase13.syx
native,255,FseqBase14,0,1,presets\native\255_FseqBase14.syx
dx7,0,FortePno 1,,18,presets\dx7\000_FortePno_1.syx
dx7,1,FortePno 2,,19,presets\dx7\001_FortePno_2.syx
dx7,2,MM-Piano 1,,19,presets\dx7\002_MM-Piano_1.syx
dx7,3,MM-Piano 2,,16,presets\dx7\003_MM-Piano_2.syx
dx7,4,Pianotone1,,18,presets\dx7\004_Pianotone1.syx
dx7,5,Pianotone2,,10,presets\dx7\005_Pianotone2.syx
dx7,6,Pianotone3,,5,presets\dx7\006_Pianotone3.syx
dx7,7,5thPiano 1,,5,presets\dx7\007_5thPiano_1.syx
dx7,8,5thPiano 2,,9,presets\dx7\008_5thPiano_2.syx
dx7,9,PrprdPiano,,3,presets\dx7\009_PrprdPiano.syx
dx7,10,Claviano  ,,7,presets\dx7\010_Claviano.syx
dx7,11,BrightPno1,,18,presets\dx7\011_BrightPno1.syx
dx7,12,BrightPno2,,3,presets\dx7\012_BrightPno2.syx
dx7,13,BrightPno3,,19,presets\dx7\013_BrightPno3.syx
dx7,14,Dark Piano,,16,presets\dx7\014_Dark_Piano.syx
dx7,15,Digi Piano,,14,presets\dx7\015_Digi_Piano.syx
dx7,16,PianoDrops,,3,presets\dx7\016_PianoDrops.syx
dx7,17,PowerPiano,,4,presets\dx7\017_PowerPiano.syx
dx7,18,CP70 1    ,,16,presets\dx7\018_CP70_1.syx
dx7,19,CP70 2    ,,11,presets\dx7\019_CP70_2.syx
dx7,20,CP70 3    ,,16,presets\dx7\020_CP70_3.syx
dx7,21,El.Grand 1,,4,presets\dx7\021_El.Grand_1.syx
dx7,22,El.Grand 2,,11,presets\dx7\022_El.Grand_2.syx
dx7,23,El.Grand 3,,17,presets\dx7\023_El.Grand_3.syx
dx7,24,El.Grand 4,,19,presets\dx7\024_El.Grand_4.syx
dx7,25,MM-ElGnd 1,,19,presets\dx7\025_MM-ElGnd_1.syx
dx7,26,MM-ElGnd 2,,5,presets\dx7\026_MM-ElGnd_2.syx
dx7,27,E.Piano 1 ,,5,presets\dx7\027_E.Piano_1.syx
dx7,28,E.Piano 2 ,,5,presets\dx7\028_E.Piano_2.syx
dx7,29,E.Piano 3 ,,5,presets\dx7\029_E.Piano_3.syx
dx7,30,E.Piano 4 ,,5,presets\dx7\030_E.Piano_4.syx
dx7,31,E.Piano 5 ,,5,presets\dx7\031_E.Piano_5.syx
dx7,32,E.Piano 6 ,,5,presets\dx7\032_E.Piano_6.syx
dx7,33,E.Piano 7 ,,6,presets\dx7\033_E.Piano_7.syx
dx7,34,E.Piano 8 ,,5,presets\dx7\034_E.Piano_8.syx
dx7,35,E.Piano 9 ,,5,presets\dx7\035_E.Piano_9.syx
dx7,36,E.Piano 10,,9,presets\dx7\036_E.Piano_10.syx
dx7,37,E.Piano 11,,6,presets\dx7\037_E.Piano_11.syx
dx7,38,E.Piano 12,,5,presets\dx7\038_E.Piano_12.syx
dx7,39,E.Piano 13,,5,presets\dx7\039_E.Piano_13.syx
dx7,40,E.Piano 14,,28,presets\dx7\040_E.Piano_14.syx
dx7,41,E.Piano 15,,5,presets\dx7\041_E.Piano_15.syx
dx7,42,E.Piano 16,,5,presets\dx7\042_E.Piano_16.syx
dx7,43,E.Piano 17,,3,presets\dx7\043_E.Piano_17.syx
dx7,44,Aclectic  ,,28,presets\dx7\044_Aclectic.syx
dx7,45,DX-Road 1 ,,12,presets\dx7\045_DX-Road_1.syx
dx7,46,DX-Road 2 ,,12,presets\dx7\046_DX-Road_2.syx
dx7,47,DX-Road 3 ,,12,presets\dx7\047_DX-Road_3.syx
dx7,48,DX-Road 4 ,,5,presets\dx7\048_DX-Road_4.syx
dx7,49,DX-Road 5 ,,11,presets\dx7\049_DX-Road_5.syx
dx7,50,BrightEP 1,,30,presets\dx7\050_BrightEP_1.syx
dx7,51,BrightEP 2,,12,presets\dx7\051_BrightEP_2.syx
dx7,52,EP 1967   ,,11,presets\dx7\052_EP_1967.syx
dx7,53,EP 1970   ,,17,presets\dx7\053_EP_1970.syx
dx7,54,EP 1980   ,,15,presets\dx7\054_EP_1980.syx
dx7,55,EP 1985   ,,5,presets\dx7\055_EP_1985.syx
dx7,56,Soft EP 1 ,,5,presets\dx7\056_Soft_EP_1.syx
dx7,57,Soft EP 2 ,,5,presets\dx7\057_Soft_EP_2.syx
dx7,58,Soft EP 3 ,,28,presets\dx7\058_Soft_EP_3.syx
dx7,59,Hard EP 1 ,,11,presets\dx7\059_Hard_EP_1.syx
dx7,60,Hard EP 2 ,,5,presets\dx7\060_Hard_EP_2.syx
dx7,61,Hard EP 3 ,,5,presets\dx7\061_Hard_EP_3.syx
dx7,62,Hard EP 4 ,,5,presets\dx7\062_Hard_EP_4.syx
dx7,63,Clicky EP ,,14,presets\dx7\063_Clicky_EP.syx
dx7,64,Digitine  ,,5,presets\dx7\064_Digitine.syx
dx7,65,Woody EP  ,,12,presets\dx7\065_Woody_EP.syx
dx7,66,Metaltine ,,6,presets\dx7\066_Metaltine.syx
dx7,67,Tinesquawk,,5,presets\dx7\067_Tinesquawk.syx
dx7,68,FullTine 1,,5,presets\dx7\068_FullTine_1.syx
dx7,69,FullTine 2,,3,presets\dx7\069_FullTine_2.syx
dx7,70,Wurli EP  ,,5,presets\dx7\070_Wurli_EP.syx
dx7,71,Wurli Road,,11,presets\dx7\071_Wurli_Road.syx
dx7,72,Dark Wurli,,17,presets\dx7\072_Dark_Wurli.syx
dx7,73,Big Wurlt ,,9,presets\dx7\073_Big_Wurlt.syx
dx7,74,Andrian   ,,3,presets\dx7\074_Andrian.syx
dx7,75,Blustig   ,,4,presets\dx7\075_Blustig.syx
dx7,76,Woodmetal ,,6,presets\dx7\076_Woodmetal.syx
dx7,77,CastePiano,,3,presets\dx7\077_CastePiano.syx
dx7,78,Chorus EP ,,3,presets\dx7\078_Chorus_EP.syx
dx7,79,BigJazzyEP,,5,presets\dx7\079_BigJazzyEP.syx
dx7,80,ClearElPno,,5,presets\dx7\080_ClearElPno.syx
dx7,81,NiteclubEP,,5,presets\dx7\081_NiteclubEP.syx
dx7,82,CosaRosa  ,,15,presets\dx7\082_CosaRosa.syx
dx7,83,DX-Ragtime,,5,presets\dx7\083_DX-Ragtime.syx
dx7,84,Digi Poly ,,5,presets\dx7\084_Digi_Poly.syx
dx7,85,Duke EP   ,,5,presets\dx7\085_Duke_EP.syx
dx7,86,DynoRoad  ,,10,presets\dx7\086_DynoRoad.syx
dx7,87,Clavarpsi ,,17,presets\dx7\087_Clavarpsi.syx
dx7,88,Wack EP   ,,4,presets\dx7\088_Wack_EP.syx
dx7,89,HollowKeys,,3,presets\dx7\089_HollowKeys.syx
dx7,90,HonkyTonk1,,11,presets\dx7\090_HonkyTonk1.syx
dx7,91,HonkyTonk2,,15,presets\dx7\091_HonkyTonk2.syx
dx7,92,PotlidKeyz,,13,presets\dx7\092_PotlidKeyz.syx
dx7,93,Knock EP  ,,13,presets\dx7\093_Knock_EP.syx
dx7,94,Knock Wack,,10,presets\dx7\094_Knock_Wack.syx
dx7,95,Mark III  ,,2,presets\dx7\095_Mark_III.syx
dx7,96,XtremeTine,,5,presets\dx7\096_XtremeTine.syx
dx7,97,Mod ElPno ,,13,presets\dx7\097_Mod_ElPno.syx
dx7,98,3D Road   ,,13,presets\dx7\098_3D_Road.syx
dx7,99,PinchedEP ,,3,presets\dx7\099_PinchedEP.syx
dx7,100,No Tines  ,,5,presets\dx7\100_No_Tines.syx
dx7,101,Old Jazz  ,,31,presets\dx7\101_Old_Jazz.syx
dx7,102,Politti   ,,17,presets\dx7\102_Politti.syx
dx7,103,Pop Piano ,,5,presets\dx7\103_Pop_Piano.syx
dx7,104,Prc ElPno ,,13,presets\dx7\104_Prc_ElPno.syx
dx7,105,Prds Piano,,5,presets\dx7\105_Prds_Piano.syx
dx7,106,Ratio Dob ,,1,presets\dx7\106_Ratio_Dob.syx
dx7,107,ThinnerEP ,,15,presets\dx7\107_ThinnerEP.syx
dx7,108,Rezzo EP  ,,7,presets\dx7\108_Rezzo_EP.syx
dx7,109,RubbaRoad ,,5,presets\dx7\109_RubbaRoad.syx
dx7,110,SawBellEP ,,23,presets\dx7\110_SawBellEP.syx
dx7,111,QuikPlayEP,,11,presets\dx7\111_QuikPlayEP.syx
dx7,112,Loud Piano,,7,presets\dx7\112_Loud_Piano.syx
dx7,113,Urban     ,,11,presets\dx7\113_Urban.syx
dx7,114,Vics EP   ,,12,presets\dx7\114_Vics_EP.syx
dx7,115,DX Classic,,30,presets\dx7\115_DX_Classic.syx
dx7,116,ToyPiano 1,,9,presets\dx7\116_ToyPiano_1.syx
dx7,117,ToyPiano 2,,3,presets\dx7\117_ToyPiano_2.syx
dx7,118,ToyPiano 3,,12,presets\dx7\118_ToyPiano_3.syx
dx7,119,ToyPiano 4,,28,presets\dx7\119_ToyPiano_4.syx
dx7,120,Plasticky ,,5,presets\dx7\120_Plasticky.syx
dx7,121,Harpsi 1  ,,5,presets\dx7\121_Harpsi_1.syx
dx7,122,Harpsi 2  ,,3,presets\dx7\122_Harpsi_2.syx
dx7,123,Harpsi 3  ,,18,presets\dx7\123_Harpsi_3.syx
dx7,124,Harpsi 4  ,,5,presets\dx7\124_Harpsi_4.syx
dx7,125,Harpsi 5  ,,5,presets\dx7\125_Harpsi_5.syx
dx7,126,Harpsi 6  ,,9,presets\dx7\126_Harpsi_6.syx
dx7,127,Harpsi 7  ,,3,presets\dx7\127_Harpsi_7.syx
dx7,128,Harpsi 8  ,,3,presets\dx7\128_Harpsi_8.syx
dx7,129,Harpsi 9  ,,2,presets\dx7\129_Harpsi_9.syx
dx7,130,HarpsiWire,,3,presets\dx7\130_HarpsiWire.syx
dx7,131,AD 1600s 1,,3,presets\dx7\131_AD_1600s_1.syx
dx7,132,AD 1600s 2,,5,presets\dx7\132_AD_1600s_2.syx
dx7,133,AD 1900s  ,,9,presets\dx7\133_AD_1900s.syx
dx7,134,Caffeine  ,,3,presets\dx7\134_Caffeine.syx
dx7,135,RazorWire ,,5,presets\dx7\135_RazorWire.syx
dx7,136,Cembalim  ,,3,presets\dx7\136_Cembalim.syx
dx7,137,Cembalo   ,,17,presets\dx7\137_Cembalo.syx
dx7,138,ElecHarpsi,,10,presets\dx7\138_ElecHarpsi.syx
dx7,139,Syn Harpsi,,18,presets\dx7\139_Syn_Harpsi.syx
dx7,140,DX-Clavi 1,,3,presets\dx7\140_DX-Clavi_1.syx
dx7,141,DX-Clavi 2,,18,presets\dx7\141_DX-Clavi_2.syx
dx7,142,DX-Clavi 3,,3,presets\dx7\142_DX-Clavi_3.syx
dx7,143,DX-Clavi 4,,16,presets\dx7\143_DX-Clavi_4.syx
dx7,144,DX-Clavi 5,,4,presets\dx7\144_DX-Clavi_5.syx
dx7,145,DX-Clavi 6,,4,presets\dx7\145_DX-Clavi_6.syx
dx7,146,DX-Clavi 7,,4,presets\dx7\146_DX-Clavi_7.syx
dx7,147,MM-Clavi 1,,3,presets\dx7\147_MM-Clavi_1.syx
dx7,148,MM-Clavi 2,,3,presets\dx7\148_MM-Clavi_2.syx
dx7,149,MM-Clavi 3,,18,presets\dx7\149_MM-Clavi_3.syx
dx7,150,BrightClv1,,4,presets\dx7\150_BrightClv1.syx
dx7,151,BrightClv2,,17,presets\dx7\151_BrightClv2.syx
dx7,152,BasoClavi ,,4,presets\dx7\152_BasoClavi.syx
dx7,153,ChorusClav,,2,presets\dx7\153_ChorusClav.syx
dx7,154,Clavecin  ,,15,presets\dx7\154_Clavecin.syx
dx7,155,Clavi Comp,,17,presets\dx7\155_Clavi_Comp.syx
dx7,156,ClaviExcel,,16,presets\dx7\156_ClaviExcel.syx
dx7,157,ClaviPluck,,18,presets\dx7\157_ClaviPluck.syx
dx7,158,ClaviStaff,,11,presets\dx7\158_ClaviStaff.syx
dx7,159,Mute Clavi,,18,presets\dx7\159_Mute_Clavi.syx
dx7,160,Revinett  ,,18,presets\dx7\160_Revinett.syx
dx7,161,SkeltonClv,,31,presets\dx7\161_SkeltonClv.syx
dx7,162,Celesta 1 ,,32,presets\dx7\162_Celesta_1.syx
dx7,163,Celesta 2 ,,5,presets\dx7\163_Celesta_2.syx
dx7,164,Celesta 3 ,,23,presets\dx7\164_Celesta_3.syx
dx7,165,Celesta 4 ,,29,presets\dx7\165_Celesta_4.syx
dx7,166,MM-Celesta,,14,presets\dx7\166_MM-Celesta.syx
dx7,167,Halloween ,,23,presets\dx7\167_Halloween.syx
dx7,168,Glocken 1 ,,32,presets\dx7\168_Glocken_1.syx
dx7,169,Glocken 2 ,,7,presets\dx7\169_Glocken_2.syx
dx7,170,Glocken 3 ,,24,presets\dx7\170_Glocken_3.syx
dx7,171,Glocken 4 ,,5,presets\dx7\171_Glocken_4.syx
dx7,172,Glocken 5 ,,3,presets\dx7\172_Glocken_5.syx
dx7,173,Glocken 6 ,,5,presets\dx7\173_Glocken_6.syx
dx7,174,HamerGlock,,20,presets\dx7\174_HamerGlock.syx
dx7,175,Magiglokk ,,2,presets\dx7\175_Magiglokk.syx
dx7,176,AnvilGlock,,5,presets\dx7\176_AnvilGlock.syx
dx7,177,MetalGlock,,5,presets\dx7\177_MetalGlock.syx
dx7,178,Perc Glock,,7,presets\dx7\178_Perc_Glock.syx
dx7,179,Glokenring,,5,presets\dx7\179_Glokenring.syx
dx7,180,SynGlock 1,,6,presets\dx7\180_SynGlock_1.syx
dx7,181,SynGlock 2,,5,presets\dx7\181_SynGlock_2.syx
dx7,182,MusicBox 1,,5,presets\dx7\182_MusicBox_1.syx
dx7,183,MusicBox 2,,19,presets\dx7\183_MusicBox_2.syx
dx7,184,MusicBox 3,,24,presets\dx7\184_MusicBox_3.syx
dx7,185,MusicBox 4,,22,presets\dx7\185_MusicBox_4.syx
dx7,186,MusicBox 5,,24,presets\dx7\186_MusicBox_5.syx
dx7,187,MusicBox 6,,16,presets\dx7\187_MusicBox_6.syx
dx7,188,MusicBox 7,,5,presets\dx7\188_MusicBox_7.syx
dx7,189,MusicBox 8,,5,presets\dx7\189_MusicBox_8.syx
dx7,190,MusicBox 9,,29,presets\dx7\190_MusicBox_9.syx
dx7,191,MusicBox10,,27,presets\dx7\191_MusicBox10.syx
dx7,192,DX-Vibe 1 ,,23,presets\dx7\192_DX-Vibe_1.syx
dx7,193,DX-Vibe 2 ,,5,presets\dx7\193_DX-Vibe_2.syx
dx7,194,DX-Vibe 3 ,,7,presets\dx7\194_DX-Vibe_3.syx
dx7,195,DX-Vibe 4 ,,23,presets\dx7\195_DX-Vibe_4.syx
dx7,196,MM-Vibe 1 ,,23,presets\dx7\196_MM-Vibe_1.syx
dx7,197,MM-Vibe 2 ,,2,presets\dx7\197_MM-Vibe_2.syx
dx7,198,LFO Vibe  ,,6,presets\dx7\198_LFO_Vibe.syx
dx7,199,Vocal Vibe,,6,presets\dx7\199_Vocal_Vibe.syx
dx7,200,Vibetron  ,,27,presets\dx7\200_Vibetron.syx
dx7,201,VibraPhone,,7,presets\dx7\201_VibraPhone.syx
dx7,202,DX-Marimb1,,7,presets\dx7\202_DX-Marimb1.syx
dx7,203,DX-Marimb2,,7,presets\dx7\203_DX-Marimb2.syx
dx7,204,DX-Marimb3,,7,presets\dx7\204_DX-Marimb3.syx
dx7,205,DX-Marimb4,,5,presets\dx7\205_DX-Marimb4.syx
dx7,206,DX-Marimb5,,7,presets\dx7\206_DX-Marimb5.syx
dx7,207,DX-Marimb6,,7,presets\dx7\207_DX-Marimb6.syx
dx7,208,DX-Marimb7,,7,presets\dx7\208_DX-Marimb7.syx
dx7,209,TineMallet,,8,presets\dx7\209_TineMallet.syx
dx7,210,Thumbpick ,,5,presets\dx7\210_Thumbpick.syx
dx7,211,EchoMalet1,,5,presets\dx7\211_EchoMalet1.syx
dx7,212,EchoMalet2,,5,presets\dx7\212_EchoMalet2.syx
dx7,213,EchoMalet3,,9,presets\dx7\213_EchoMalet3.syx
dx7,214,Congorimba,,7,presets\dx7\214_Congorimba.syx
dx7,215,Bamburimba,,7,presets\dx7\215_Bamburimba.syx
dx7,216,BrightMrmb,,12,presets\dx7\216_BrightMrmb.syx
dx7,217,Guitarimba,,8,presets\dx7\217_Guitarimba.syx
dx7,218,MellowMrmb,,6,presets\dx7\218_MellowMrmb.syx
dx7,219,Metal Mrmb,,9,presets\dx7\219_Metal_Mrmb.syx
dx7,220,DX-Xylo 1 ,,5,presets\dx7\220_DX-Xylo_1.syx
dx7,221,DX-Xylo 2 ,,7,presets\dx7\221_DX-Xylo_2.syx
dx7,222,DX-Xylo 3 ,,7,presets\dx7\222_DX-Xylo_3.syx
dx7,223,DX-Xylo 4 ,,6,presets\dx7\223_DX-Xylo_4.syx
dx7,224,DX-Xylo 5 ,,5,presets\dx7\224_DX-Xylo_5.syx
dx7,225,DX-Xylo 6 ,,19,presets\dx7\225_DX-Xylo_6.syx
dx7,226,Dual Xylo ,,9,presets\dx7\226_Dual_Xylo.syx
dx7,227,Xylo Log  ,,17,presets\dx7\227_Xylo_Log.syx
dx7,228,Syn Xylo  ,,24,presets\dx7\228_Syn_Xylo.syx
dx7,229,Digi Xylo ,,27,presets\dx7\229_Digi_Xylo.syx
dx7,230,DX-Bell 1 ,,15,presets\dx7\230_DX-Bell_1.syx
dx7,231,DX-Bell 2 ,,5,presets\dx7\231_DX-Bell_2.syx
dx7,232,DX-Bell 3 ,,9,presets\dx7\232_DX-Bell_3.syx
dx7,233,DX-Bell 4 ,,4,presets\dx7\233_DX-Bell_4.syx
dx7,234,DX-Bell 5 ,,5,presets\dx7\234_DX-Bell_5.syx
dx7,235,DX-Bell 6 ,,5,presets\dx7\235_DX-Bell_6.syx
dx7,236,DX-Bell 7 ,,16,presets\dx7\236_DX-Bell_7.syx
dx7,237,DX-Bell 8 ,,17,presets\dx7\237_DX-Bell_8.syx
dx7,238,DX-Bell 9 ,,30,presets\dx7\238_DX-Bell_9.syx
dx7,239,DX-Bell 10,,22,presets\dx7\239_DX-Bell_10.syx
dx7,240,DX-Bell 11,,5,presets\dx7\240_DX-Bell_11.syx
dx7,241,DX-Bell 12,,11,presets\dx7\241_DX-Bell_12.syx
dx7,242,SparklBell,,11,presets\dx7\242_SparklBell.syx
dx7,243,Wire Bell ,,11,presets\dx7\243_Wire_Bell.syx
dx7,244,DualSparkl,,5,presets\dx7\244_DualSparkl.syx
dx7,245,BellGlassy,,27,presets\dx7\245_BellGlassy.syx
dx7,246,MM-Bell   ,,5,presets\dx7\246_MM-Bell.syx
dx7,247,Crystal 1 ,,5,presets\dx7\247_Crystal_1.syx
dx7,248,Crystal 2 ,,1,presets\dx7\248_Crystal_2.syx
dx7,249,SoftBell 1,,5,presets\dx7\249_SoftBell_1.syx
dx7,250,SoftBell 2,,11,presets\dx7\250_SoftBell_2.syx
dx7,251,Bell Pluck,,5,presets\dx7\251_Bell_Pluck.syx
dx7,252,Blow Bell ,,9,presets\dx7\252_Blow_Bell.syx
dx7,253,Carillon  ,,3,presets\dx7\253_Carillon.syx
dx7,254,BellKeyzis,,4,presets\dx7\254_BellKeyzis.syx
dx7,255,Digi Log  ,,5,presets\dx7\255_Digi_Log.syx
dx7,256,DumBells  ,,32,presets\dx7\256_DumBells.syx
dx7,257,MellowBell,,5,presets\dx7\257_MellowBell.syx
dx7,258,Mini Bell ,,15,presets\dx7\258_Mini_Bell.syx
dx7,259,Child Bell,,5,presets\dx7\259_Child_Bell.syx
dx7,260,PPP Thing ,,7,presets\dx7\260_PPP_Thing.syx
dx7,261,Stonemetal,,6,presets\dx7\261_Stonemetal.syx
dx7,262,Syn Chime ,,6,presets\dx7\262_Syn_Chime.syx
dx7,263,Air Bell  ,,8,presets\dx7\263_Air_Bell.syx
dx7,264,WrapRound ,,5,presets\dx7\264_WrapRound.syx
dx7,265,TempleBel1,,11,presets\dx7\265_TempleBel1.syx
dx7,266,TempleBel2,,11,presets\dx7\266_TempleBel2.syx
dx7,267,TempleBel3,,5,presets\dx7\267_TempleBel3.syx
dx7,268,TempleBel4,,7,presets\dx7\268_TempleBel4.syx
dx7,269,TempleBel5,,10,presets\dx7\269_TempleBel5.syx
dx7,270,DX-Dlcm 1 ,,2,presets\dx7\270_DX-Dlcm_1.syx
dx7,271,DX-Dlcm 2 ,,3,presets\dx7\271_DX-Dlcm_2.syx
dx7,272,DX-Dlcm 3 ,,16,presets\dx7\272_DX-Dlcm_3.syx
dx7,273,Frozentime,,27,presets\dx7\273_Frozentime.syx
dx7,274,MetalDlcmr,,10,presets\dx7\274_MetalDlcmr.syx
dx7,275,Silk Road ,,32,presets\dx7\275_Silk_Road.syx
dx7,276,Full Organ,,32,presets\dx7\276_Full_Organ.syx
dx7,277,DrawOrgan1,,29,presets\dx7\277_DrawOrgan1.syx
dx7,278,DrawOrgan2,,29,presets\dx7\278_DrawOrgan2.syx
dx7,279,DrawOrgan3,,31,presets\dx7\279_DrawOrgan3.syx
dx7,280,DrawOrgan4,,32,presets\dx7\280_DrawOrgan4.syx
dx7,281,DrawOrgan5,,29,presets\dx7\281_DrawOrgan5.syx
dx7,282,DrawOrgan6,,29,presets\dx7\282_DrawOrgan6.syx
dx7,283,DrawOrgan7,,32,presets\dx7\283_DrawOrgan7.syx
dx7,284,DrawOrgan8,,29,presets\dx7\284_DrawOrgan8.syx
dx7,285,DrawOrgan9,,24,presets\dx7\285_DrawOrgan9.syx
dx7,286,DrawOrgn10,,32,presets\dx7\286_DrawOrgn10.syx
dx7,287,DrawOrgn11,,25,presets\dx7\287_DrawOrgn11.syx
dx7,288,DrawOrgn12,,5,presets\dx7\288_DrawOrgn12.syx
dx7,289,DrawOrgn13,,12,presets\dx7\289_DrawOrgn13.syx
dx7,290,DrawOrgn14,,31,presets\dx7\290_DrawOrgn14.syx
dx7,291,DrawOrgn15,,29,presets\dx7\291_DrawOrgn15.syx
dx7,292,DrawOrgn16,,7,presets\dx7\292_DrawOrgn16.syx
dx7,293,Organsynth,,23,presets\dx7\293_Organsynth.syx
dx7,294,ChorusOrgn,,31,presets\dx7\294_ChorusOrgn.syx
dx7,295,RotaryOrgn,,32,presets\dx7\295_RotaryOrgn.syx
dx7,296,CirkusOrgn,,29,presets\dx7\296_CirkusOrgn.syx
dx7,297,JazzDrwbr ,,31,presets\dx7\297_JazzDrwbr.syx
dx7,298,Keyclick  ,,32,presets\dx7\298_Keyclick.syx
dx7,299,VibraOrgan,,29,presets\dx7\299_VibraOrgan.syx
dx7,300,Farf Out  ,,11,presets\dx7\300_Farf_Out.syx
dx7,301,Grinder   ,,32,presets\dx7\301_Grinder.syx
dx7,302,JazzOrgan1,,30,presets\dx7\302_JazzOrgan1.syx
dx7,303,JazzOrgan2,,29,presets\dx7\303_JazzOrgan2.syx
dx7,304,PercOrgan1,,18,presets\dx7\304_PercOrgan1.syx
dx7,305,PercOrgan2,,29,presets\dx7\305_PercOrgan2.syx
dx7,306,PercOrgan3,,29,presets\dx7\306_PercOrgan3.syx
dx7,307,PercOrgan4,,31,presets\dx7\307_PercOrgan4.syx
dx7,308,PercOrgan5,,31,presets\dx7\308_PercOrgan5.syx
dx7,309,PercOrgan6,,20,presets\dx7\309_PercOrgan6.syx
dx7,310,PercOrgan7,,31,presets\dx7\310_PercOrgan7.syx
dx7,311,PercOrgan8,,32,presets\dx7\311_PercOrgan8.syx
dx7,312,PercOrgan9,,31,presets\dx7\312_PercOrgan9.syx
dx7,313,PercOrgn10,,31,presets\dx7\313_PercOrgn10.syx
dx7,314,PercOrgn11,,22,presets\dx7\314_PercOrgn11.syx
dx7,315,PercOrgn12,,22,presets\dx7\315_PercOrgn12.syx
dx7,316,PercOrgn13,,16,presets\dx7\316_PercOrgn13.syx
dx7,317,PercOrgn14,,31,presets\dx7\317_PercOrgn14.syx
dx7,318,PercOrgn15,,5,presets\dx7\318_PercOrgn15.syx
dx7,319,PercOrgn16,,6,presets\dx7\319_PercOrgn16.syx
dx7,320,PercOrgn17,,5,presets\dx7\320_PercOrgn17.syx
dx7,321,XtraPerc  ,,17,presets\dx7\321_XtraPerc.syx
dx7,322,Road Organ,,4,presets\dx7\322_Road_Organ.syx
dx7,323,Fluteorgan,,17,presets\dx7\323_Fluteorgan.syx
dx7,324,ClickNoise,,6,presets\dx7\324_ClickNoise.syx
dx7,325,Novalis   ,,6,presets\dx7\325_Novalis.syx
dx7,326,TouchOrgan,,3,presets\dx7\326_TouchOrgan.syx
dx7,327,RockOrgan1,,5,presets\dx7\327_RockOrgan1.syx
dx7,328,RockOrgan2,,16,presets\dx7\328_RockOrgan2.syx
dx7,329,RockOrgan3,,11,presets\dx7\329_RockOrgan3.syx
dx7,330,RockOrgan4,,26,presets\dx7\330_RockOrgan4.syx
dx7,331,RockOrgan5,,16,presets\dx7\331_RockOrgan5.syx
dx7,332,RockOrgan6,,22,presets\dx7\332_RockOrgan6.syx
dx7,333,RockOrgan7,,25,presets\dx7\333_RockOrgan7.syx
dx7,334,RockOrgan8,,22,presets\dx7\334_RockOrgan8.syx
dx7,335,RockOrgan9,,32,presets\dx7\335_RockOrgan9.syx
dx7,336,RockOrgn10,,29,presets\dx7\336_RockOrgn10.syx
dx7,337,RockOrgn11,,29,presets\dx7\337_RockOrgn11.syx
dx7,338,RockOrgn12,,29,presets\dx7\338_RockOrgn12.syx
dx7,339,RockOrgn13,,29,presets\dx7\339_RockOrgn13.syx
dx7,340,RockOrgn14,,29,presets\dx7\340_RockOrgn14.syx
dx7,341,RockOrgn15,,29,presets\dx7\341_RockOrgn15.syx
dx7,342,Vox Organ ,,28,presets\dx7\342_Vox_Organ.syx
dx7,343,SynOrgan 1,,22,presets\dx7\343_SynOrgan_1.syx
dx7,344,SynOrgan 2,,18,presets\dx7\344_SynOrgan_2.syx
dx7,345,PlasticOrg,,3,presets\dx7\345_PlasticOrg.syx
dx7,346,PipeOrgan1,,29,presets\dx7\346_PipeOrgan1.syx
dx7,347,PipeOrgan2,,6,presets\dx7\347_PipeOrgan2.syx
dx7,348,PipeOrgan3,,5,presets\dx7\348_PipeOrgan3.syx
dx7,349,PipeOrgan4,,5,presets\dx7\349_PipeOrgan4.syx
dx7,350,PipeOrgan5,,19,presets\dx7\350_PipeOrgan5.syx
dx7,351,PipeOrgan6,,25,presets\dx7\351_PipeOrgan6.syx
dx7,352,PipeOrgan7,,29,presets\dx7\352_PipeOrgan7.syx
dx7,353,PipeOrgan8,,5,presets\dx7\353_PipeOrgan8.syx
dx7,354,TheatreOrg,,19,presets\dx7\354_TheatreOrg.syx
dx7,355,SmallPipes,,5,presets\dx7\355_SmallPipes.syx
dx7,356,ChorusPipe,,5,presets\dx7\356_ChorusPipe.syx
dx7,357,Wedding   ,,6,presets\dx7\357_Wedding.syx
dx7,358,DX-Chrch 1,,6,presets\dx7\358_DX-Chrch_1.syx
dx7,359,DX-Chrch 2,,25,presets\dx7\359_DX-Chrch_2.syx
dx7,360,BrightOrgn,,25,presets\dx7\360_BrightOrgn.syx
dx7,361,TamePipe  ,,12,presets\dx7\361_TamePipe.syx
dx7,362,PuffOrgan1,,12,presets\dx7\362_PuffOrgan1.syx
dx7,363,PuffOrgan2,,16,presets\dx7\363_PuffOrgan2.syx
dx7,364,Late Down ,,28,presets\dx7\364_Late_Down.syx
dx7,365,SoftReedOr,,15,presets\dx7\365_SoftReedOr.syx
dx7,366,SteamOrgan,,16,presets\dx7\366_SteamOrgan.syx
dx7,367,StreetOrgn,,3,presets\dx7\367_StreetOrgn.syx
dx7,368,DX-Acrd 1 ,,3,presets\dx7\368_DX-Acrd_1.syx
dx7,369,DX-Acrd 2 ,,4,presets\dx7\369_DX-Acrd_2.syx
dx7,370,DX-Acrd 3 ,,4,presets\dx7\370_DX-Acrd_3.syx
dx7,371,DX-Acrd 4 ,,3,presets\dx7\371_DX-Acrd_4.syx
dx7,372,DX-Acrd 5 ,,3,presets\dx7\372_DX-Acrd_5.syx
dx7,373,DX-Acrd 6 ,,3,presets\dx7\373_DX-Acrd_6.syx
dx7,374,DX-TngAc  ,,3,presets\dx7\374_DX-TngAc.syx
dx7,375,DX-Hmnc 1 ,,1,presets\dx7\375_DX-Hmnc_1.syx
dx7,376,DX-Hmnc 2 ,,1,presets\dx7\376_DX-Hmnc_2.syx
dx7,377,DX-Hmnc 3 ,,28,presets\dx7\377_DX-Hmnc_3.syx
dx7,378,DX-Hmnc 4 ,,30,presets\dx7\378_DX-Hmnc_4.syx
dx7,379,Chromonica,,1,presets\dx7\379_Chromonica.syx
dx7,380,FM-Hmnc 1 ,,3,presets\dx7\380_FM-Hmnc_1.syx
dx7,381,FM-Hmnc 2 ,,16,presets\dx7\381_FM-Hmnc_2.syx
dx7,382,Bluesharp ,,17,presets\dx7\382_Bluesharp.syx
dx7,383,Buzzharp  ,,14,presets\dx7\383_Buzzharp.syx
dx7,384,DX-AcstGt1,,8,presets\dx7\384_DX-AcstGt1.syx
dx7,385,DX-AcstGt2,,1,presets\dx7\385_DX-AcstGt2.syx
dx7,386,DX-AcstGt3,,8,presets\dx7\386_DX-AcstGt3.syx
dx7,387,DX-AcstGt4,,16,presets\dx7\387_DX-AcstGt4.syx
dx7,388,DX-AcstGt5,,3,presets\dx7\388_DX-AcstGt5.syx
dx7,389,GuitarBell,,14,presets\dx7\389_GuitarBell.syx
dx7,390,LuteGuitar,,14,presets\dx7\390_LuteGuitar.syx
dx7,391,DX-PickGt1,,14,presets\dx7\391_DX-PickGt1.syx
dx7,392,DX-PickGt2,,2,presets\dx7\392_DX-PickGt2.syx
dx7,393,DX-PickGt3,,3,presets\dx7\393_DX-PickGt3.syx
dx7,394,DX-PickGt4,,8,presets\dx7\394_DX-PickGt4.syx
dx7,395,DX-PickGt5,,14,presets\dx7\395_DX-PickGt5.syx
dx7,396,DX-PickGt6,,3,presets\dx7\396_DX-PickGt6.syx
dx7,397,DX-PickGt7,,8,presets\dx7\397_DX-PickGt7.syx
dx7,398,DX-PickGt8,,15,presets\dx7\398_DX-PickGt8.syx
dx7,399,Synhalon  ,,13,presets\dx7\399_Synhalon.syx
dx7,400,Picksynth ,,14,presets\dx7\400_Picksynth.syx
dx7,401,Compitar  ,,3,presets\dx7\401_Compitar.syx
dx7,402,Stratish  ,,18,presets\dx7\402_Stratish.syx
dx7,403,Banjitar  ,,10,presets\dx7\403_Banjitar.syx
dx7,404,Touch Mute,,3,presets\dx7\404_Touch_Mute.syx
dx7,405,Firenze   ,,18,presets\dx7\405_Firenze.syx
dx7,406,Folknik   ,,18,presets\dx7\406_Folknik.syx
dx7,407,FunkyPluck,,15,presets\dx7\407_FunkyPluck.syx
dx7,408,Guitar Box,,16,presets\dx7\408_Guitar_Box.syx
dx7,409,Long Nail ,,28,presets\dx7\409_Long_Nail.syx
dx7,410,Pianatar  ,,17,presets\dx7\410_Pianatar.syx
dx7,411,RhythmPluk,,17,presets\dx7\411_RhythmPluk.syx
dx7,412,SteelyPick,,15,presets\dx7\412_SteelyPick.syx
dx7,413,TiteGuitar,,18,presets\dx7\413_TiteGuitar.syx
dx7,414,DX-JazzGt1,,17,presets\dx7\414_DX-JazzGt1.syx
dx7,415,DX-JazzGt2,,8,presets\dx7\415_DX-JazzGt2.syx
dx7,416,DX-JazzGt3,,8,presets\dx7\416_DX-JazzGt3.syx
dx7,417,DX-JazzGt4,,8,presets\dx7\417_DX-JazzGt4.syx
dx7,418,DX-JazzGt5,,8,presets\dx7\418_DX-JazzGt5.syx
dx7,419,Guitorgan ,,9,presets\dx7\419_Guitorgan.syx
dx7,420,DX-ClGt 1 ,,14,presets\dx7\420_DX-ClGt_1.syx
dx7,421,DX-ClGt 2 ,,4,presets\dx7\421_DX-ClGt_2.syx
dx7,422,DX-ClGt 3 ,,13,presets\dx7\422_DX-ClGt_3.syx
dx7,423,DX-ClGt 4 ,,3,presets\dx7\423_DX-ClGt_4.syx
dx7,424,DX-ClGt 5 ,,17,presets\dx7\424_DX-ClGt_5.syx
dx7,425,DX-ClGt 6 ,,3,presets\dx7\425_DX-ClGt_6.syx
dx7,426,DX-ClGt 7 ,,3,presets\dx7\426_DX-ClGt_7.syx
dx7,427,DX-ClGt 8 ,,18,presets\dx7\427_DX-ClGt_8.syx
dx7,428,DX-ClGt 9 ,,17,presets\dx7\428_DX-ClGt_9.syx
dx7,429,DX-ClGt 10,,12,presets\dx7\429_DX-ClGt_10.syx
dx7,430,DX-ClGt 11,,8,presets\dx7\430_DX-ClGt_11.syx
dx7,431,DX-ClGt 12,,28,presets\dx7\431_DX-ClGt_12.syx
dx7,432,Buzzstring,,9,presets\dx7\432_Buzzstring.syx
dx7,433,DX-MuteGt1,,12,presets\dx7\433_DX-MuteGt1.syx
dx7,434,DX-MuteGt2,,17,presets\dx7\434_DX-MuteGt2.syx
dx7,435,DX-MuteGt3,,3,presets\dx7\435_DX-MuteGt3.syx
dx7,436,DX-MuteGt4,,18,presets\dx7\436_DX-MuteGt4.syx
dx7,437,Heavy Gage,,14,presets\dx7\437_Heavy_Gage.syx
dx7,438,DX-OvDrGt ,,16,presets\dx7\438_DX-OvDrGt.syx
dx7,439,DX-DistGt1,,14,presets\dx7\439_DX-DistGt1.syx
dx7,440,DX-DistGt2,,16,presets\dx7\440_DX-DistGt2.syx
dx7,441,DX-DistGt3,,16,presets\dx7\441_DX-DistGt3.syx
dx7,442,DX-DistGt4,,1,presets\dx7\442_DX-DistGt4.syx
dx7,443,DX-DistGt5,,17,presets\dx7\443_DX-DistGt5.syx
dx7,444,Stortion1 ,,17,presets\dx7\444_Stortion1.syx
dx7,445,Pluckoww  ,,14,presets\dx7\445_Pluckoww.syx
dx7,446,Stortion2 ,,1,presets\dx7\446_Stortion2.syx
dx7,447,FuzzGuitar,,17,presets\dx7\447_FuzzGuitar.syx
dx7,448,DX-WoodBa1,,17,presets\dx7\448_DX-WoodBa1.syx
dx7,449,DX-WoodBa2,,3,presets\dx7\449_DX-WoodBa2.syx
dx7,450,DX-WoodBa3,,22,presets\dx7\450_DX-WoodBa3.syx
dx7,451,DX-WoodBa4,,17,presets\dx7\451_DX-WoodBa4.syx
dx7,452,DX-WoodBa5,,14,presets\dx7\452_DX-WoodBa5.syx
dx7,453,DX-WoodBa6,,14,presets\dx7\453_DX-WoodBa6.syx
dx7,454,DX-WoodBa7,,14,presets\dx7\454_DX-WoodBa7.syx
dx7,455,DarkWodBa1,,16,presets\dx7\455_DarkWodBa1.syx
dx7,456,DarkWodBa2,,16,presets\dx7\456_DarkWodBa2.syx
dx7,457,BoogieBass,,18,presets\dx7\457_BoogieBass.syx
dx7,458,BassLegend,,16,presets\dx7\458_BassLegend.syx
dx7,459,DX-FngrBa1,,17,presets\dx7\459_DX-FngrBa1.syx
dx7,460,DX-FngrBa2,,17,presets\dx7\460_DX-FngrBa2.syx
dx7,461,DX-FngrBa3,,16,presets\dx7\461_DX-FngrBa3.syx
dx7,462,DX-FngrBa4,,18,presets\dx7\462_DX-FngrBa4.syx
dx7,463,Fusit Bass,,17,presets\dx7\463_Fusit_Bass.syx
dx7,464,FingerPick,,18,presets\dx7\464_FingerPick.syx
dx7,465,HardFinger,,17,presets\dx7\465_HardFinger.syx
dx7,466,Harm Bass ,,3,presets\dx7\466_Harm_Bass.syx
dx7,467,Inorganic ,,17,presets\dx7\467_Inorganic.syx
dx7,468,Nasty Bass,,9,presets\dx7\468_Nasty_Bass.syx
dx7,469,SkweekBass,,16,presets\dx7\469_SkweekBass.syx
dx7,470,DX-PickBa1,,18,presets\dx7\470_DX-PickBa1.syx
dx7,471,DX-PickBa2,,18,presets\dx7\471_DX-PickBa2.syx
dx7,472,DX-PickBa3,,17,presets\dx7\472_DX-PickBa3.syx
dx7,473,DX-PickBa4,,17,presets\dx7\473_DX-PickBa4.syx
dx7,474,Bass Magic,,7,presets\dx7\474_Bass_Magic.syx
dx7,475,Chiff Bass,,18,presets\dx7\475_Chiff_Bass.syx
dx7,476,Comped EB ,,4,presets\dx7\476_Comped_EB.syx
dx7,477,Metal Bass,,4,presets\dx7\477_Metal_Bass.syx
dx7,478,Owl Bass  ,,18,presets\dx7\478_Owl_Bass.syx
dx7,479,Pick Pluck,,8,presets\dx7\479_Pick_Pluck.syx
dx7,480,Plektrumbs,,10,presets\dx7\480_Plektrumbs.syx
dx7,481,Wired Bass,,17,presets\dx7\481_Wired_Bass.syx
dx7,482,FretlesBa1,,18,presets\dx7\482_FretlesBa1.syx
dx7,483,FretlesBa2,,12,presets\dx7\483_FretlesBa2.syx
dx7,484,FretlesBa3,,18,presets\dx7\484_FretlesBa3.syx
dx7,485,FretlesBa4,,3,presets\dx7\485_FretlesBa4.syx
dx7,486,FretlesBa5,,4,presets\dx7\486_FretlesBa5.syx
dx7,487,SlapString,,3,presets\dx7\487_SlapString.syx
dx7,488,Lite Slap ,,18,presets\dx7\488_Lite_Slap.syx
dx7,489,RoundWound,,16,presets\dx7\489_RoundWound.syx
dx7,490,ImpactBass,,3,presets\dx7\490_ImpactBass.syx
dx7,491,Afresh    ,,9,presets\dx7\491_Afresh.syx
dx7,492,WireString,,9,presets\dx7\492_WireString.syx
dx7,493,Clakwire  ,,17,presets\dx7\493_Clakwire.syx
dx7,494,SuperBass1,,17,presets\dx7\494_SuperBass1.syx
dx7,495,SuperBass2,,16,presets\dx7\495_SuperBass2.syx
dx7,496,DigiBass 1,,16,presets\dx7\496_DigiBass_1.syx
dx7,497,DigiBass 2,,17,presets\dx7\497_DigiBass_2.syx
dx7,498,Digit Bass,,16,presets\dx7\498_Digit_Bass.syx
dx7,499,Draft Bass,,7,presets\dx7\499_Draft_Bass.syx
dx7,500,Brainacus ,,16,presets\dx7\500_Brainacus.syx
dx7,501,DX-SynBa 1,,3,presets\dx7\501_DX-SynBa_1.syx
dx7,502,DX-SynBa 2,,24,presets\dx7\502_DX-SynBa_2.syx
dx7,503,DX-SynBa 3,,9,presets\dx7\503_DX-SynBa_3.syx
dx7,504,DX-SynBa 4,,3,presets\dx7\504_DX-SynBa_4.syx
dx7,505,DX-SynBa 5,,3,presets\dx7\505_DX-SynBa_5.syx
dx7,506,DX-SynBa 6,,17,presets\dx7\506_DX-SynBa_6.syx
dx7,507,DX-SynBa 7,,5,presets\dx7\507_DX-SynBa_7.syx
dx7,508,DX-SynBa 8,,3,presets\dx7\508_DX-SynBa_8.syx
dx7,509,DX-SynBa 9,,17,presets\dx7\509_DX-SynBa_9.syx
dx7,510,AnalogBass,,16,presets\dx7\510_AnalogBass.syx
dx7,511,Nharmonik ,,7,presets\dx7\511_Nharmonik.syx
dx7,512,BassNovo  ,,6,presets\dx7\512_BassNovo.syx
dx7,513,BassResWp ,,8,presets\dx7\513_BassResWp.syx
dx7,514,Cutmandu  ,,17,presets\dx7\514_Cutmandu.syx
dx7,515,DX-Bass 1 ,,17,presets\dx7\515_DX-Bass_1.syx
dx7,516,DX-Bass 2 ,,17,presets\dx7\516_DX-Bass_2.syx
dx7,517,DX-Bass 3 ,,18,presets\dx7\517_DX-Bass_3.syx
dx7,518,DX-Bass 4 ,,16,presets\dx7\518_DX-Bass_4.syx
dx7,519,DX-Bass 5 ,,16,presets\dx7\519_DX-Bass_5.syx
dx7,520,DX-Bass 6 ,,17,presets\dx7\520_DX-Bass_6.syx
dx7,521,WireBass 1,,18,presets\dx7\521_WireBass_1.syx
dx7,522,WireBass 2,,16,presets\dx7\522_WireBass_2.syx
dx7,523,HardDXBass,,18,presets\dx7\523_HardDXBass.syx
dx7,524,SmakaBass ,,18,presets\dx7\524_SmakaBass.syx
dx7,525,AnaBass 1 ,,17,presets\dx7\525_AnaBass_1.syx
dx7,526,AnaBass 2 ,,17,presets\dx7\526_AnaBass_2.syx
dx7,527,AnaBass 3 ,,4,presets\dx7\527_AnaBass_3.syx
dx7,528,81Z Bass  ,,14,presets\dx7\528_81Z_Bass.syx
dx7,529,DiscBass 1,,22,presets\dx7\529_DiscBass_1.syx
dx7,530,DiscBass 2,,16,presets\dx7\530_DiscBass_2.syx
dx7,531,Hop Bass 1,,3,presets\dx7\531_Hop_Bass_1.syx
dx7,532,Hop Bass 2,,17,presets\dx7\532_Hop_Bass_2.syx
dx7,533,After 88  ,,16,presets\dx7\533_After_88.syx
dx7,534,Cable Bass,,2,presets\dx7\534_Cable_Bass.syx
dx7,535,Wood Rez  ,,19,presets\dx7\535_Wood_Rez.syx
dx7,536,EazyAction,,17,presets\dx7\536_EazyAction.syx
dx7,537,ExciteBass,,10,presets\dx7\537_ExciteBass.syx
dx7,538,PrkussBass,,17,presets\dx7\538_PrkussBass.syx
dx7,539,Flapstick ,,10,presets\dx7\539_Flapstick.syx
dx7,540,Jackson   ,,17,presets\dx7\540_Jackson.syx
dx7,541,NipponBass,,17,presets\dx7\541_NipponBass.syx
dx7,542,Bass Knock,,3,presets\dx7\542_Bass_Knock.syx
dx7,543,Ana Stevie,,16,presets\dx7\543_Ana_Stevie.syx
dx7,544,Munkhen   ,,14,presets\dx7\544_Munkhen.syx
dx7,545,Perc Bass ,,17,presets\dx7\545_Perc_Bass.syx
dx7,546,Remark    ,,17,presets\dx7\546_Remark.syx
dx7,547,SmoothBass,,17,presets\dx7\547_SmoothBass.syx
dx7,548,Ana Knock ,,17,presets\dx7\548_Ana_Knock.syx
dx7,549,Jaco Syn  ,,17,presets\dx7\549_Jaco_Syn.syx
dx7,550,Werksfunk ,,18,presets\dx7\550_Werksfunk.syx
dx7,551,ZedRubba  ,,2,presets\dx7\551_ZedRubba.syx
dx7,552,DX-Violin1,,2,presets\dx7\552_DX-Violin1.syx
dx7,553,DX-Violin2,,2,presets\dx7\553_DX-Violin2.syx
dx7,554,DX-Violin3,,2,presets\dx7\554_DX-Violin3.syx
dx7,555,DX-Violin4,,15,presets\dx7\555_DX-Violin4.syx
dx7,556,Violinz   ,,15,presets\dx7\556_Violinz.syx
dx7,557,DX-Viola 1,,17,presets\dx7\557_DX-Viola_1.syx
dx7,558,DX-Viola 2,,18,presets\dx7\558_DX-Viola_2.syx
dx7,559,DX-Viola 3,,2,presets\dx7\559_DX-Viola_3.syx
dx7,560,DX-Cello 1,,11,presets\dx7\560_DX-Cello_1.syx
dx7,561,DX-Cello 2,,11,presets\dx7\561_DX-Cello_2.syx
dx7,562,DX-Cello 3,,4,presets\dx7\562_DX-Cello_3.syx
dx7,563,DX-Cello 4,,18,presets\dx7\563_DX-Cello_4.syx
dx7,564,Rosin     ,,2,presets\dx7\564_Rosin.syx
dx7,565,DX-Str 1  ,,2,presets\dx7\565_DX-Str_1.syx
dx7,566,DX-Str 2  ,,15,presets\dx7\566_DX-Str_2.syx
dx7,567,DX-Str 3  ,,15,presets\dx7\567_DX-Str_3.syx
dx7,568,DX-Str 4  ,,2,presets\dx7\568_DX-Str_4.syx
dx7,569,DX-Str 5  ,,2,presets\dx7\569_DX-Str_5.syx
dx7,570,DX-Str 6  ,,2,presets\dx7\570_DX-Str_6.syx
dx7,571,DX-Str 7  ,,22,presets\dx7\571_DX-Str_7.syx
dx7,572,DX-Str 8  ,,15,presets\dx7\572_DX-Str_8.syx
dx7,573,DX-Str 9  ,,5,presets\dx7\573_DX-Str_9.syx
dx7,574,DX-Str 10 ,,2,presets\dx7\574_DX-Str_10.syx
dx7,575,DX-Str 11 ,,15,presets\dx7\575_DX-Str_11.syx
dx7,576,DX-Str 12 ,,2,presets\dx7\576_DX-Str_12.syx
dx7,577,DX-Str 13 ,,15,presets\dx7\577_DX-Str_13.syx
dx7,578,Quick Arco,,15,presets\dx7\578_Quick_Arco.syx
dx7,579,MidString1,,15,presets\dx7\579_MidString1.syx
dx7,580,MidString2,,15,presets\dx7\580_MidString2.syx
dx7,581,LowString1,,2,presets\dx7\581_LowString1.syx
dx7,582,LowString2,,17,presets\dx7\582_LowString2.syx
dx7,583,MM-String ,,2,presets\dx7\583_MM-String.syx
dx7,584,DX-AnaSt 1,,2,presets\dx7\584_DX-AnaSt_1.syx
dx7,585,DX-AnaSt 2,,15,presets\dx7\585_DX-AnaSt_2.syx
dx7,586,DX-AnaSt 3,,15,presets\dx7\586_DX-AnaSt_3.syx
dx7,587,DX-SynSt 1,,25,presets\dx7\587_DX-SynSt_1.syx
dx7,588,DX-SynSt 2,,25,presets\dx7\588_DX-SynSt_2.syx
dx7,589,DX-SynSt 3,,9,presets\dx7\589_DX-SynSt_3.syx
dx7,590,DX-SynSt 4,,3,presets\dx7\590_DX-SynSt_4.syx
dx7,591,DX-SynSt 5,,2,presets\dx7\591_DX-SynSt_5.syx
dx7,592,DX-SynSt 6,,4,presets\dx7\592_DX-SynSt_6.syx
dx7,593,DX-SynSt 7,,15,presets\dx7\593_DX-SynSt_7.syx
dx7,594,WarmStr 1 ,,15,presets\dx7\594_WarmStr_1.syx
dx7,595,WarmStr 2 ,,15,presets\dx7\595_WarmStr_2.syx
dx7,596,WarmStr 3 ,,15,presets\dx7\596_WarmStr_3.syx
dx7,597,WarmStr 4 ,,2,presets\dx7\597_WarmStr_4.syx
dx7,598,Afternoon ,,2,presets\dx7\598_Afternoon.syx
dx7,599,Agitate   ,,9,presets\dx7\599_Agitate.syx
dx7,600,AnnaString,,15,presets\dx7\600_AnnaString.syx
dx7,601,Bright Str,,2,presets\dx7\601_Bright_Str.syx
dx7,602,General   ,,9,presets\dx7\602_General.syx
dx7,603,GentleMind,,18,presets\dx7\603_GentleMind.syx
dx7,604,Gypsy     ,,2,presets\dx7\604_Gypsy.syx
dx7,605,MaxiString,,15,presets\dx7\605_MaxiString.syx
dx7,606,Michelle  ,,2,presets\dx7\606_Michelle.syx
dx7,607,MoterDrive,,2,presets\dx7\607_MoterDrive.syx
dx7,608,ReverbStrg,,3,presets\dx7\608_ReverbStrg.syx
dx7,609,StrMachine,,5,presets\dx7\609_StrMachine.syx
dx7,610,Silk Hall ,,15,presets\dx7\610_Silk_Hall.syx
dx7,611,Small Sect,,2,presets\dx7\611_Small_Sect.syx
dx7,612,Soft Bow  ,,2,presets\dx7\612_Soft_Bow.syx
dx7,613,Soline    ,,2,presets\dx7\613_Soline.syx
dx7,614,Violtron  ,,2,presets\dx7\614_Violtron.syx
dx7,615,DX-PizzSt ,,5,presets\dx7\615_DX-PizzSt.syx
dx7,616,PizzString,,3,presets\dx7\616_PizzString.syx
dx7,617,DX-Harp 1 ,,3,presets\dx7\617_DX-Harp_1.syx
dx7,618,DX-Harp 2 ,,3,presets\dx7\618_DX-Harp_2.syx
dx7,619,DX-Harp 3 ,,15,presets\dx7\619_DX-Harp_3.syx
dx7,620,Baroquen  ,,14,presets\dx7\620_Baroquen.syx
dx7,621,Dbl Harp 1,,3,presets\dx7\621_Dbl_Harp_1.syx
dx7,622,Dbl Harp 2,,3,presets\dx7\622_Dbl_Harp_2.syx
dx7,623,Apollon   ,,19,presets\dx7\623_Apollon.syx
dx7,624,CembaHarp ,,3,presets\dx7\624_CembaHarp.syx
dx7,625,ElectrHarp,,3,presets\dx7\625_ElectrHarp.syx
dx7,626,HarpStrum ,,14,presets\dx7\626_HarpStrum.syx
dx7,627,Lute Harp ,,3,presets\dx7\627_Lute_Harp.syx
dx7,628,Metal Harp,,3,presets\dx7\628_Metal_Harp.syx
dx7,629,Orch Harp ,,3,presets\dx7\629_Orch_Harp.syx
dx7,630,Syn Harp  ,,16,presets\dx7\630_Syn_Harp.syx
dx7,631,DX-Timpani,,16,presets\dx7\631_DX-Timpani.syx
dx7,632,Timpanic! ,,16,presets\dx7\632_Timpanic_.syx
dx7,633,Iron Timpa,,9,presets\dx7\633_Iron_Timpa.syx
dx7,634,Ensemble  ,,12,presets\dx7\634_Ensemble.syx
dx7,635,HallOrch 1,,12,presets\dx7\635_HallOrch_1.syx
dx7,636,HallOrch 2,,2,presets\dx7\636_HallOrch_2.syx
dx7,637,Orch Brass,,18,presets\dx7\637_Orch_Brass.syx
dx7,638,DX-Trpt 1 ,,18,presets\dx7\638_DX-Trpt_1.syx
dx7,639,DX-Trpt 2 ,,18,presets\dx7\639_DX-Trpt_2.syx
dx7,640,DX-Trpt 3 ,,18,presets\dx7\640_DX-Trpt_3.syx
dx7,641,DX-Trpt 4 ,,18,presets\dx7\641_DX-Trpt_4.syx
dx7,642,DX-Trpt 5 ,,18,presets\dx7\642_DX-Trpt_5.syx
dx7,643,DX-Trpt 6 ,,18,presets\dx7\643_DX-Trpt_6.syx
dx7,644,SilverTrpt,,18,presets\dx7\644_SilverTrpt.syx
dx7,645,Solo Trpt ,,18,presets\dx7\645_Solo_Trpt.syx
dx7,646,SynTrumpet,,18,presets\dx7\646_SynTrumpet.syx
dx7,647,Trumponica,,18,presets\dx7\647_Trumponica.syx
dx7,648,DX-Trb 1  ,,22,presets\dx7\648_DX-Trb_1.syx
dx7,649,DX-Trb 2  ,,18,presets\dx7\649_DX-Trb_2.syx
dx7,650,DX-Trb 3  ,,7,presets\dx7\650_DX-Trb_3.syx
dx7,651,Mute Trb  ,,18,presets\dx7\651_Mute_Trb.syx
dx7,652,DX-Tuba 1 ,,18,presets\dx7\652_DX-Tuba_1.syx
dx7,653,DX-Tuba 2 ,,18,presets\dx7\653_DX-Tuba_2.syx
dx7,654,DX-Tuba 3 ,,9,presets\dx7\654_DX-Tuba_3.syx
dx7,655,DX-Horn   ,,18,presets\dx7\655_DX-Horn.syx
dx7,656,Hornz     ,,15,presets\dx7\656_Hornz.syx
dx7,657,Alps Horn ,,2,presets\dx7\657_Alps_Horn.syx
dx7,658,BlunchHorn,,20,presets\dx7\658_BlunchHorn.syx
dx7,659,Horn Ens  ,,2,presets\dx7\659_Horn_Ens.syx
dx7,660,MelowHorn1,,3,presets\dx7\660_MelowHorn1.syx
dx7,661,MelowHorn2,,9,presets\dx7\661_MelowHorn2.syx
dx7,662,SimpleHorn,,18,presets\dx7\662_SimpleHorn.syx
dx7,663,Syn Horns ,,17,presets\dx7\663_Syn_Horns.syx
dx7,664,Vibra Horn,,18,presets\dx7\664_Vibra_Horn.syx
dx7,665,DX-Brass 1,,22,presets\dx7\665_DX-Brass_1.syx
dx7,666,DX-Brass 2,,2,presets\dx7\666_DX-Brass_2.syx
dx7,667,Attack Brs,,9,presets\dx7\667_Attack_Brs.syx
dx7,668,Brasstring,,22,presets\dx7\668_Brasstring.syx
dx7,669,DX-BrsSec1,,22,presets\dx7\669_DX-BrsSec1.syx
dx7,670,DX-BrsSec2,,18,presets\dx7\670_DX-BrsSec2.syx
dx7,671,MM-Brass 1,,18,presets\dx7\671_MM-Brass_1.syx
dx7,672,MM-Brass 2,,17,presets\dx7\672_MM-Brass_2.syx
dx7,673,MM-Brass 3,,2,presets\dx7\673_MM-Brass_3.syx
dx7,674,5th Brass ,,9,presets\dx7\674_5th_Brass.syx
dx7,675,Blow Brass,,2,presets\dx7\675_Blow_Brass.syx
dx7,676,Brass Sect,,2,presets\dx7\676_Brass_Sect.syx
dx7,677,Chorus Brs,,18,presets\dx7\677_Chorus_Brs.syx
dx7,678,Fanfare   ,,22,presets\dx7\678_Fanfare.syx
dx7,679,Hard Brass,,2,presets\dx7\679_Hard_Brass.syx
dx7,680,Sample Brs,,22,presets\dx7\680_Sample_Brs.syx
dx7,681,Single Brs,,2,presets\dx7\681_Single_Brs.syx
dx7,682,ThickBrass,,2,presets\dx7\682_ThickBrass.syx
dx7,683,TightBrs 1,,22,presets\dx7\683_TightBrs_1.syx
dx7,684,TightBrs 2,,22,presets\dx7\684_TightBrs_2.syx
dx7,685,DX-SynBr 1,,22,presets\dx7\685_DX-SynBr_1.syx
dx7,686,DX-SynBr 2,,5,presets\dx7\686_DX-SynBr_2.syx
dx7,687,DX-SynBr 3,,2,presets\dx7\687_DX-SynBr_3.syx
dx7,688,DX-SynBr 4,,2,presets\dx7\688_DX-SynBr_4.syx
dx7,689,DX-SynBr 5,,22,presets\dx7\689_DX-SynBr_5.syx
dx7,690,DX-SynBr 6,,18,presets\dx7\690_DX-SynBr_6.syx
dx7,691,DX-SynBr 7,,2,presets\dx7\691_DX-SynBr_7.syx
dx7,692,FilterHorn,,22,presets\dx7\692_FilterHorn.syx
dx7,693,SharpBrass,,2,presets\dx7\693_SharpBrass.syx
dx7,694,Synthorns ,,23,presets\dx7\694_Synthorns.syx
dx7,695,CS80-Brs 1,,22,presets\dx7\695_CS80-Brs_1.syx
dx7,696,CS80-Brs 2,,22,presets\dx7\696_CS80-Brs_2.syx
dx7,697,Ana Poly  ,,2,presets\dx7\697_Ana_Poly.syx
dx7,698,AnaFatBrs ,,9,presets\dx7\698_AnaFatBrs.syx
dx7,699,AnalogBrs ,,2,presets\dx7\699_AnalogBrs.syx
dx7,700,Faze Brass,,2,presets\dx7\700_Faze_Brass.syx
dx7,701,Brassy    ,,22,presets\dx7\701_Brassy.syx
dx7,702,Court     ,,2,presets\dx7\702_Court.syx
dx7,703,DX-FatBrs ,,2,presets\dx7\703_DX-FatBrs.syx
dx7,704,RezAttack ,,3,presets\dx7\704_RezAttack.syx
dx7,705,FunkyRhytm,,18,presets\dx7\705_FunkyRhytm.syx
dx7,706,Chiffhorns,,20,presets\dx7\706_Chiffhorns.syx
dx7,707,Juice     ,,15,presets\dx7\707_Juice.syx
dx7,708,Kingdom   ,,23,presets\dx7\708_Kingdom.syx
dx7,709,PowerDrive,,23,presets\dx7\709_PowerDrive.syx
dx7,710,Rahool Brs,,2,presets\dx7\710_Rahool_Brs.syx
dx7,711,SyntiBrs  ,,2,presets\dx7\711_SyntiBrs.syx
dx7,712,UltraDrive,,9,presets\dx7\712_UltraDrive.syx
dx7,713,Warm Brass,,10,presets\dx7\713_Warm_Brass.syx
dx7,714,SopranoSax,,18,presets\dx7\714_SopranoSax.syx
dx7,715,DX-ASax 1 ,,17,presets\dx7\715_DX-ASax_1.syx
dx7,716,DX-ASax 2 ,,18,presets\dx7\716_DX-ASax_2.syx
dx7,717,Alto Sax  ,,15,presets\dx7\717_Alto_Sax.syx
dx7,718,DX-Tsax   ,,27,presets\dx7\718_DX-Tsax.syx
dx7,719,TenorSax  ,,4,presets\dx7\719_TenorSax.syx
dx7,720,Tenorsaxes,,3,presets\dx7\720_Tenorsaxes.syx
dx7,721,Oboe 1    ,,3,presets\dx7\721_Oboe_1.syx
dx7,722,Oboe 2    ,,27,presets\dx7\722_Oboe_2.syx
dx7,723,Oboe 3    ,,4,presets\dx7\723_Oboe_3.syx
dx7,724,Eng.Horn  ,,2,presets\dx7\724_Eng.Horn.syx
dx7,725,Bassoon   ,,2,presets\dx7\725_Bassoon.syx
dx7,726,DX-Clari 1,,15,presets\dx7\726_DX-Clari_1.syx
dx7,727,DX-Clari 2,,5,presets\dx7\727_DX-Clari_2.syx
dx7,728,Clari Solo,,4,presets\dx7\728_Clari_Solo.syx
dx7,729,Slow Clari,,5,presets\dx7\729_Slow_Clari.syx
dx7,730,VibratoCla,,5,presets\dx7\730_VibratoCla.syx
dx7,731,Piccolo 1 ,,5,presets\dx7\731_Piccolo_1.syx
dx7,732,Piccolo 2 ,,16,presets\dx7\732_Piccolo_2.syx
dx7,733,DX-Flute 1,,7,presets\dx7\733_DX-Flute_1.syx
dx7,734,DX-Flute 2,,16,presets\dx7\734_DX-Flute_2.syx
dx7,735,DX-Flute 3,,5,presets\dx7\735_DX-Flute_3.syx
dx7,736,DX-Flute 4,,16,presets\dx7\736_DX-Flute_4.syx
dx7,737,DX-Flute 5,,16,presets\dx7\737_DX-Flute_5.syx
dx7,738,DX-Flute 6,,16,presets\dx7\738_DX-Flute_6.syx
dx7,739,DX-Flute 7,,16,presets\dx7\739_DX-Flute_7.syx
dx7,740,Air Blower,,2,presets\dx7\740_Air_Blower.syx
dx7,741,MetalFlute,,12,presets\dx7\741_MetalFlute.syx
dx7,742,Song Flute,,5,presets\dx7\742_Song_Flute.syx
dx7,743,Recorder 1,,6,presets\dx7\743_Recorder_1.syx
dx7,744,Recorder 2,,6,presets\dx7\744_Recorder_2.syx
dx7,745,Recorder 3,,5,presets\dx7\745_Recorder_3.syx
dx7,746,DX-PnFlute,,1,presets\dx7\746_DX-PnFlute.syx
dx7,747,Harvest   ,,11,presets\dx7\747_Harvest.syx
dx7,748,Fuhppps!  ,,15,presets\dx7\748_Fuhppps_.syx
dx7,749,DX-Bottle ,,2,presets\dx7\749_DX-Bottle.syx
dx7,750,Quena     ,,16,presets\dx7\750_Quena.syx
dx7,751,Whistle 1 ,,6,presets\dx7\751_Whistle_1.syx
dx7,752,Whistle 2 ,,6,presets\dx7\752_Whistle_2.syx
dx7,753,Whistle 3 ,,16,presets\dx7\753_Whistle_3.syx
dx7,754,Sukiyaki  ,,18,presets\dx7\754_Sukiyaki.syx
dx7,755,SambaWhstl,,5,presets\dx7\755_SambaWhstl.syx
dx7,756,Cosmowhist,,14,presets\dx7\756_Cosmowhist.syx
dx7,757,DX-Ocrn 1 ,,4,presets\dx7\757_DX-Ocrn_1.syx
dx7,758,DX-Ocrn 2 ,,3,presets\dx7\758_DX-Ocrn_2.syx
dx7,759,DX-Ocrn 3 ,,8,presets\dx7\759_DX-Ocrn_3.syx
dx7,760,DX-Sitar 1,,3,presets\dx7\760_DX-Sitar_1.syx
dx7,761,DX-Sitar 2,,5,presets\dx7\761_DX-Sitar_2.syx
dx7,762,Ethre Four,,9,presets\dx7\762_Ethre_Four.syx
dx7,763,India     ,,18,presets\dx7\763_India.syx
dx7,764,Juice Harp,,13,presets\dx7\764_Juice_Harp.syx
dx7,765,Syntholin ,,2,presets\dx7\765_Syntholin.syx
dx7,766,Pilgrim   ,,8,presets\dx7\766_Pilgrim.syx
dx7,767,Tenjiku   ,,17,presets\dx7\767_Tenjiku.syx
dx7,768,Ukabanjo  ,,4,presets\dx7\768_Ukabanjo.syx
dx7,769,Xango     ,,4,presets\dx7\769_Xango.syx
dx7,770,Xanu      ,,8,presets\dx7\770_Xanu.syx
dx7,771,Zimbalon  ,,8,presets\dx7\771_Zimbalon.syx
dx7,772,DX-Banjo  ,,16,presets\dx7\772_DX-Banjo.syx
dx7,773,Shamisen 1,,22,presets\dx7\773_Shamisen_1.syx
dx7,774,Shamisen 2,,15,presets\dx7\774_Shamisen_2.syx
dx7,775,Shamisen 3,,2,presets\dx7\775_Shamisen_3.syx
dx7,776,DX-Koto   ,,30,presets\dx7\776_DX-Koto.syx
dx7,777,DX-Klmb 1 ,,18,presets\dx7\777_DX-Klmb_1.syx
dx7,778,DX-Klmb 2 ,,16,presets\dx7\778_DX-Klmb_2.syx
dx7,779,DX-Klmb 3 ,,18,presets\dx7\779_DX-Klmb_3.syx
dx7,780,DX-Klmb 4 ,,6,presets\dx7\780_DX-Klmb_4.syx
dx7,781,DX-Klmb 5 ,,20,presets\dx7\781_DX-Klmb_5.syx
dx7,782,DX-Bagpipe,,2,presets\dx7\782_DX-Bagpipe.syx
dx7,783,DX-Fiddle ,,30,presets\dx7\783_DX-Fiddle.syx
dx7,784,African   ,,5,presets\dx7\784_African.syx
dx7,785,Bali      ,,4,presets\dx7\785_Bali.syx
dx7,786,Tibetan   ,,4,presets\dx7\786_Tibetan.syx
dx7,787,Charango  ,,22,presets\dx7\787_Charango.syx
dx7,788,Gamelan 1 ,,27,presets\dx7\788_Gamelan_1.syx
dx7,789,Gamelan 2 ,,5,presets\dx7\789_Gamelan_2.syx
dx7,790,Gamelan 3 ,,3,presets\dx7\790_Gamelan_3.syx
dx7,791,Kinzoku 1 ,,5,presets\dx7\791_Kinzoku_1.syx
dx7,792,Kinzoku 2 ,,17,presets\dx7\792_Kinzoku_2.syx
dx7,793,ScotchTone,,8,presets\dx7\793_ScotchTone.syx
dx7,794,DX-Agogo 1,,15,presets\dx7\794_DX-Agogo_1.syx
dx7,795,DX-Agogo 2,,7,presets\dx7\795_DX-Agogo_2.syx
dx7,796,DX-Bongo  ,,16,presets\dx7\796_DX-Bongo.syx
dx7,797,Bongo     ,,6,presets\dx7\797_Bongo.syx
dx7,798,DX-Clave  ,,16,presets\dx7\798_DX-Clave.syx
dx7,799,DX-Perc   ,,18,presets\dx7\799_DX-Perc.syx
dx7,800,Block     ,,1,presets\dx7\800_Block.syx
dx7,801,Conga Drum,,6,presets\dx7\801_Conga_Drum.syx
dx7,802,Cowbell   ,,7,presets\dx7\802_Cowbell.syx
dx7,803,Flexatone ,,5,presets\dx7\803_Flexatone.syx
dx7,804,Glaeser   ,,14,presets\dx7\804_Glaeser.syx
dx7,805,Log Drum  ,,18,presets\dx7\805_Log_Drum.syx
dx7,806,SmlShaker ,,17,presets\dx7\806_SmlShaker.syx
dx7,807,Metal     ,,18,presets\dx7\807_Metal.syx
dx7,808,Percud    ,,18,presets\dx7\808_Percud.syx
dx7,809,RefrsWhstl,,22,presets\dx7\809_RefrsWhstl.syx
dx7,810,Seq Pluck ,,18,presets\dx7\810_Seq_Pluck.syx
dx7,811,BigShaker ,,17,presets\dx7\811_BigShaker.syx
dx7,812,Side Stick,,19,presets\dx7\812_Side_Stick.syx
dx7,813,Perkabell ,,17,presets\dx7\813_Perkabell.syx
dx7,814,Spoon     ,,1,presets\dx7\814_Spoon.syx
dx7,815,DX-StelCan,,1,presets\dx7\815_DX-StelCan.syx
dx7,816,Steel Can ,,15,presets\dx7\816_Steel_Can.syx
dx7,817,DX-StelDr1,,15,presets\dx7\817_DX-StelDr1.syx
dx7,818,DX-StelDr2,,5,presets\dx7\818_DX-StelDr2.syx
dx7,819,SteelDrum1,,13,presets\dx7\819_SteelDrum1.syx
dx7,820,SteelDrum2,,14,presets\dx7\820_SteelDrum2.syx
dx7,821,Steel Band,,16,presets\dx7\821_Steel_Band.syx
dx7,822,Jamaica   ,,18,presets\dx7\822_Jamaica.syx
dx7,823,Tambarin  ,,23,presets\dx7\823_Tambarin.syx
dx7,824,Triangle 1,,23,presets\dx7\824_Triangle_1.syx
dx7,825,Triangle 2,,32,presets\dx7\825_Triangle_2.syx
dx7,826,BellGliss1,,32,presets\dx7\826_BellGliss1.syx
dx7,827,BellGliss2,,3,presets\dx7\827_BellGliss2.syx
dx7,828,Twincle   ,,18,presets\dx7\828_Twincle.syx
dx7,829,MetalBottl,,16,presets\dx7\829_MetalBottl.syx
dx7,830,NipponDrm1,,16,presets\dx7\830_NipponDrm1.syx
dx7,831,NipponDrm2,,16,presets\dx7\831_NipponDrm2.syx
dx7,832,Janpany   ,,14,presets\dx7\832_Janpany.syx
dx7,833,Nou       ,,3,presets\dx7\833_Nou.syx
dx7,834,Sumoh Drum,,5,presets\dx7\834_Sumoh_Drum.syx
dx7,835,HandBell 1,,5,presets\dx7\835_HandBell_1.syx
dx7,836,HandBell 2,,5,presets\dx7\836_HandBell_2.syx
dx7,837,JingleBell,,4,presets\dx7\837_JingleBell.syx
dx7,838,Light Year,,18,presets\dx7\838_Light_Year.syx
dx7,839,SlightBell,,4,presets\dx7\839_SlightBell.syx
dx7,840,TracerBell,,18,presets\dx7\840_TracerBell.syx
dx7,841,MM-SynDr 1,,18,presets\dx7\841_MM-SynDr_1.syx
dx7,842,MM-SynDr 2,,18,presets\dx7\842_MM-SynDr_2.syx
dx7,843,Click Kick,,18,presets\dx7\843_Click_Kick.syx
dx7,844,Hexagon   ,,18,presets\dx7\844_Hexagon.syx
dx7,845,Whapit    ,,11,presets\dx7\845_Whapit.syx
dx7,846,Hi-Hat    ,,2,presets\dx7\846_Hi-Hat.syx
dx7,847,Deep Snare,,2,presets\dx7\847_Deep_Snare.syx
dx7,848,DX-MtlSnr ,,2,presets\dx7\848_DX-MtlSnr.syx
dx7,849,Snapie    ,,11,presets\dx7\849_Snapie.syx
dx7,850,Snare     ,,15,presets\dx7\850_Snare.syx
dx7,851,Soft Head ,,4,presets\dx7\851_Soft_Head.syx
dx7,852,StreetSD  ,,18,presets\dx7\852_StreetSD.syx
dx7,853,Tom Herz  ,,5,presets\dx7\853_Tom_Herz.syx
dx7,854,DX-RevCym1,,17,presets\dx7\854_DX-RevCym1.syx
dx7,855,DX-RevCym2,,5,presets\dx7\855_DX-RevCym2.syx
dx7,856,DX-Chorus1,,6,presets\dx7\856_DX-Chorus1.syx
dx7,857,DX-Chorus2,,24,presets\dx7\857_DX-Chorus2.syx
dx7,858,DX-Chorus3,,4,presets\dx7\858_DX-Chorus3.syx
dx7,859,DX-Chorus4,,6,presets\dx7\859_DX-Chorus4.syx
dx7,860,DX-Chorus5,,11,presets\dx7\860_DX-Chorus5.syx
dx7,861,DX-Chorus6,,7,presets\dx7\861_DX-Chorus6.syx
dx7,862,DX-Chorus7,,29,presets\dx7\862_DX-Chorus7.syx
dx7,863,DX-Chorus8,,6,presets\dx7\863_DX-Chorus8.syx
dx7,864,DX-Chorus9,,32,presets\dx7\864_DX-Chorus9.syx
dx7,865,DX-Voice 1,,1,presets\dx7\865_DX-Voice_1.syx
dx7,866,DX-Voice 2,,7,presets\dx7\866_DX-Voice_2.syx
dx7,867,MM-Voice 1,,6,presets\dx7\867_MM-Voice_1.syx
dx7,868,MM-Voice 2,,6,presets\dx7\868_MM-Voice_2.syx
dx7,869,MM-Voice 3,,6,presets\dx7\869_MM-Voice_3.syx
dx7,870,MM-Voice 4,,26,presets\dx7\870_MM-Voice_4.syx
dx7,871,DbVoxFem  ,,13,presets\dx7\871_DbVoxFem.syx
dx7,872,Fem Voice ,,26,presets\dx7\872_Fem_Voice.syx
dx7,873,Lady Vox  ,,26,presets\dx7\873_Lady_Vox.syx
dx7,874,Space Vox ,,25,presets\dx7\874_Space_Vox.syx
dx7,875,Syn Vox   ,,5,presets\dx7\875_Syn_Vox.syx
dx7,876,Bell+Pno 1,,5,presets\dx7\876_Bell_Pno_1.syx
dx7,877,Bell+Pno 2,,5,presets\dx7\877_Bell_Pno_2.syx
dx7,878,Bell+Vibe1,,9,presets\dx7\878_Bell_Vibe1.syx
dx7,879,Bell+Str  ,,23,presets\dx7\879_Bell_Str.syx
dx7,880,Bell+Vibe2,,14,presets\dx7\880_Bell_Vibe2.syx
dx7,881,Cho+Marimb,,10,presets\dx7\881_Cho_Marimb.syx
dx7,882,Clavi+Bass,,2,presets\dx7\882_Clavi_Bass.syx
dx7,883,DX-Ba+Lead,,22,presets\dx7\883_DX-Ba_Lead.syx
dx7,884,DX-HpSt   ,,5,presets\dx7\884_DX-HpSt.syx
dx7,885,EP+Brass 1,,2,presets\dx7\885_EP_Brass_1.syx
dx7,886,EP+Brass 2,,5,presets\dx7\886_EP_Brass_2.syx
dx7,887,EP+Chime  ,,11,presets\dx7\887_EP_Chime.syx
dx7,888,EP+Clavi  ,,4,presets\dx7\888_EP_Clavi.syx
dx7,889,Elec Combi,,5,presets\dx7\889_Elec_Combi.syx
dx7,890,Glock+Brs ,,3,presets\dx7\890_Glock_Brs.syx
dx7,891,Glock+Pno ,,3,presets\dx7\891_Glock_Pno.syx
dx7,892,Harp+Flute,,2,presets\dx7\892_Harp_Flute.syx
dx7,893,Koto+Flute,,18,presets\dx7\893_Koto_Flute.syx
dx7,894,MalletHorn,,12,presets\dx7\894_MalletHorn.syx
dx7,895,Mrmb+Gtr  ,,5,presets\dx7\895_Mrmb_Gtr.syx
dx7,896,Orch Chime,,3,presets\dx7\896_Orch_Chime.syx
dx7,897,Pno+Flute ,,12,presets\dx7\897_Pno_Flute.syx
dx7,898,StringTine,,29,presets\dx7\898_StringTine.syx
dx7,899,Xylo+Brass,,5,presets\dx7\899_Xylo_Brass.syx
dx7,900,DX-SynLd 1,,22,presets\dx7\900_DX-SynLd_1.syx
dx7,901,DX-SynLd 2,,6,presets\dx7\901_DX-SynLd_2.syx
dx7,902,DX-SynLd 3,,18,presets\dx7\902_DX-SynLd_3.syx
dx7,903,DX-SynLd 4,,6,presets\dx7\903_DX-SynLd_4.syx
dx7,904,DX-SynLd 5,,2,presets\dx7\904_DX-SynLd_5.syx
dx7,905,DX-SynLd 6,,22,presets\dx7\905_DX-SynLd_6.syx
dx7,906,DX-SynLd 7,,22,presets\dx7\906_DX-SynLd_7.syx
dx7,907,DX-SynLd 8,,18,presets\dx7\907_DX-SynLd_8.syx
dx7,908,DX-SynLd 9,,22,presets\dx7\908_DX-SynLd_9.syx
dx7,909,Pluck Lead,,6,presets\dx7\909_Pluck_Lead.syx
dx7,910,Perka Lead,,4,presets\dx7\910_Perka_Lead.syx
dx7,911,GuitsynLd ,,18,presets\dx7\911_GuitsynLd.syx
dx7,912,DXSynLd 1 ,,9,presets\dx7\912_DXSynLd_1.syx
dx7,913,DXSynLd 2 ,,24,presets\dx7\913_DXSynLd_2.syx
dx7,914,DXSynLd 3 ,,2,presets\dx7\914_DXSynLd_3.syx
dx7,915,DXSynLd 4 ,,5,presets\dx7\915_DXSynLd_4.syx
dx7,916,DXSynLd 5 ,,1,presets\dx7\916_DXSynLd_5.syx
dx7,917,DXSynLd 6 ,,18,presets\dx7\917_DXSynLd_6.syx
dx7,918,DXSynLd 7 ,,22,presets\dx7\918_DXSynLd_7.syx
dx7,919,DXSynLd 8 ,,2,presets\dx7\919_DXSynLd_8.syx
dx7,920,SqueezeLd ,,4,presets\dx7\920_SqueezeLd.syx
dx7,921,Mooganic  ,,2,presets\dx7\921_Mooganic.syx
dx7,922,BrassLead1,,2,presets\dx7\922_BrassLead1.syx
dx7,923,BrassLead2,,15,presets\dx7\923_BrassLead2.syx
dx7,924,BrassLead3,,18,presets\dx7\924_BrassLead3.syx
dx7,925,BrassLead4,,2,presets\dx7\925_BrassLead4.syx
dx7,926,Saw Lead  ,,16,presets\dx7\926_Saw_Lead.syx
dx7,927,DX-SawLd 1,,18,presets\dx7\927_DX-SawLd_1.syx
dx7,928,DX-SawLd 2,,2,presets\dx7\928_DX-SawLd_2.syx
dx7,929,DX-Squar  ,,18,presets\dx7\929_DX-Squar.syx
dx7,930,DX-VoiceLd,,7,presets\dx7\930_DX-VoiceLd.syx
dx7,931,DX-WahLead,,16,presets\dx7\931_DX-WahLead.syx
dx7,932,DXAttackLd,,16,presets\dx7\932_DXAttackLd.syx
dx7,933,CaliopLd 1,,16,presets\dx7\933_CaliopLd_1.syx
dx7,934,CaliopLd 2,,16,presets\dx7\934_CaliopLd_2.syx
dx7,935,CaliopLd 3,,3,presets\dx7\935_CaliopLd_3.syx
dx7,936,Fifths 1  ,,1,presets\dx7\936_Fifths_1.syx
dx7,937,Fifths 2  ,,26,presets\dx7\937_Fifths_2.syx
dx7,938,LdSubHarm ,,26,presets\dx7\938_LdSubHarm.syx
dx7,939,Buzzer    ,,2,presets\dx7\939_Buzzer.syx
dx7,940,Au Campo  ,,22,presets\dx7\940_Au_Campo.syx
dx7,941,Bass Lead ,,6,presets\dx7\941_Bass_Lead.syx
dx7,942,Comp Lead ,,14,presets\dx7\942_Comp_Lead.syx
dx7,943,EadgbeLead,,3,presets\dx7\943_EadgbeLead.syx
dx7,944,Flap Synth,,4,presets\dx7\944_Flap_Synth.syx
dx7,945,FretlessLd,,6,presets\dx7\945_FretlessLd.syx
dx7,946,Giovanni  ,,3,presets\dx7\946_Giovanni.syx
dx7,947,HarmoSynth,,18,presets\dx7\947_HarmoSynth.syx
dx7,948,Lead Line ,,19,presets\dx7\948_Lead_Line.syx
dx7,949,Lead Phone,,3,presets\dx7\949_Lead_Phone.syx
dx7,950,Lyle Lead ,,14,presets\dx7\950_Lyle_Lead.syx
dx7,951,PekingLead,,12,presets\dx7\951_PekingLead.syx
dx7,952,Puff Pipe ,,17,presets\dx7\952_Puff_Pipe.syx
dx7,953,Reed Lead ,,22,presets\dx7\953_Reed_Lead.syx
dx7,954,SingleLine,,4,presets\dx7\954_SingleLine.syx
dx7,955,Super DX  ,,18,presets\dx7\955_Super_DX.syx
dx7,956,Sweep Lead,,4,presets\dx7\956_Sweep_Lead.syx
dx7,957,Vibratoron,,16,presets\dx7\957_Vibratoron.syx
dx7,958,DX-Vocoder,,2,presets\dx7\958_DX-Vocoder.syx
dx7,959,Winwood   ,,20,presets\dx7\959_Winwood.syx
dx7,960,DrkSweeper,,4,presets\dx7\960_DrkSweeper.syx
dx7,961,AnaBrsPad ,,2,presets\dx7\961_AnaBrsPad.syx
dx7,962,8bitStrPad,,15,presets\dx7\962_8bitStrPad.syx
dx7,963,DX-ChoPad1,,16,presets\dx7\963_DX-ChoPad1.syx
dx7,964,DX-ChoPad2,,5,presets\dx7\964_DX-ChoPad2.syx
dx7,965,Bow Pad 1 ,,5,presets\dx7\965_Bow_Pad_1.syx
dx7,966,Bow Pad 2 ,,7,presets\dx7\966_Bow_Pad_2.syx
dx7,967,Bow Pad 3 ,,16,presets\dx7\967_Bow_Pad_3.syx
dx7,968,Glassharp ,,25,presets\dx7\968_Glassharp.syx
dx7,969,Wineglass ,,3,presets\dx7\969_Wineglass.syx
dx7,970,Ice Galaxy,,9,presets\dx7\970_Ice_Galaxy.syx
dx7,971,Ice Heaven,,17,presets\dx7\971_Ice_Heaven.syx
dx7,972,Hit Pad 1 ,,11,presets\dx7\972_Hit_Pad_1.syx
dx7,973,Hit Pad 2 ,,12,presets\dx7\973_Hit_Pad_2.syx
dx7,974,SynBrsPad1,,5,presets\dx7\974_SynBrsPad1.syx
dx7,975,SynBrsPad2,,15,presets\dx7\975_SynBrsPad2.syx
dx7,976,SynBrsPad3,,2,presets\dx7\976_SynBrsPad3.syx
dx7,977,SynBrsPad4,,4,presets\dx7\977_SynBrsPad4.syx
dx7,978,SynBrsPad5,,19,presets\dx7\978_SynBrsPad5.syx
dx7,979,SynBrsPad6,,2,presets\dx7\979_SynBrsPad6.syx
dx7,980,SynBrsPad7,,17,presets\dx7\980_SynBrsPad7.syx
dx7,981,Vector Pad,,5,presets\dx7\981_Vector_Pad.syx
dx7,982,Pada Perka,,6,presets\dx7\982_Pada_Perka.syx
dx7,983,DX-MetalPd,,15,presets\dx7\983_DX-MetalPd.syx
dx7,984,DX-SawPad ,,2,presets\dx7\984_DX-SawPad.syx
dx7,985,Anna Pad  ,,15,presets\dx7\985_Anna_Pad.syx
dx7,986,Baroque   ,,15,presets\dx7\986_Baroque.syx
dx7,987,BrassyWarm,,15,presets\dx7\987_BrassyWarm.syx
dx7,988,Bright Pad,,8,presets\dx7\988_Bright_Pad.syx
dx7,989,Clavi Pad ,,9,presets\dx7\989_Clavi_Pad.syx
dx7,990,Digi Pad  ,,4,presets\dx7\990_Digi_Pad.syx
dx7,991,Dispo Pad ,,5,presets\dx7\991_Dispo_Pad.syx
dx7,992,Ethereal  ,,16,presets\dx7\992_Ethereal.syx
dx7,993,Film Pad  ,,5,presets\dx7\993_Film_Pad.syx
dx7,994,Fl.Cloud  ,,19,presets\dx7\994_Fl.Cloud.syx
dx7,995,Floating  ,,2,presets\dx7\995_Floating.syx
dx7,996,Forest99  ,,19,presets\dx7\996_Forest99.syx
dx7,997,Gior Pad  ,,4,presets\dx7\997_Gior_Pad.syx
dx7,998,GreenPeace,,15,presets\dx7\998_GreenPeace.syx
dx7,999,Grunge Pad,,5,presets\dx7\999_Grunge_Pad.syx
dx7,1000,Hyper Sqr ,,3,presets\dx7\1000_Hyper_Sqr.syx
dx7,1001,MM-Pretty ,,15,presets\dx7\1001_MM-Pretty.syx
dx7,1002,MonsterPad,,17,presets\dx7\1002_MonsterPad.syx
dx7,1003,Orwell    ,,8,presets\dx7\1003_Orwell.syx
dx7,1004,PhaseSweep,,15,presets\dx7\1004_PhaseSweep.syx
dx7,1005,Phasers   ,,3,presets\dx7\1005_Phasers.syx
dx7,1006,Glass Pad ,,23,presets\dx7\1006_Glass_Pad.syx
dx7,1007,Sanctus   ,,9,presets\dx7\1007_Sanctus.syx
dx7,1008,StacHeaven,,9,presets\dx7\1008_StacHeaven.syx
dx7,1009,Sweep Pad ,,16,presets\dx7\1009_Sweep_Pad.syx
dx7,1010,Water Log ,,4,presets\dx7\1010_Water_Log.syx
dx7,1011,Spec-trail,,15,presets\dx7\1011_Spec-trail.syx
dx7,1012,Whaser Pad,,6,presets\dx7\1012_Whaser_Pad.syx
dx7,1013,Whisper   ,,25,presets\dx7\1013_Whisper.syx
dx7,1014,WhistlePad,,6,presets\dx7\1014_WhistlePad.syx
dx7,1015,DX-ScFi 1 ,,16,presets\dx7\1015_DX-ScFi_1.syx
dx7,1016,DX-ScFi 2 ,,15,presets\dx7\1016_DX-ScFi_2.syx
dx7,1017,DX-ScFi 3 ,,5,presets\dx7\1017_DX-ScFi_3.syx
dx7,1018,Image 1   ,,18,presets\dx7\1018_Image_1.syx
dx7,1019,Image 2   ,,16,presets\dx7\1019_Image_2.syx
dx7,1020,Laser 1   ,,16,presets\dx7\1020_Laser_1.syx
dx7,1021,Laser 2   ,,1,presets\dx7\1021_Laser_2.syx
dx7,1022,Laser 3   ,,9,presets\dx7\1022_Laser_3.syx
dx7,1023,Ri-zer    ,,5,presets\dx7\1023_Ri-zer.syx
dx7,1024,MM-Shock 1,,15,presets\dx7\1024_MM-Shock_1.syx
dx7,1025,MM-Shock 2,,16,presets\dx7\1025_MM-Shock_2.syx
dx7,1026,Wallop 1  ,,16,presets\dx7\1026_Wallop_1.syx
dx7,1027,Wallop 2  ,,27,presets\dx7\1027_Wallop_2.syx
dx7,1028,Angel     ,,2,presets\dx7\1028_Angel.syx
dx7,1029,BackSuir  ,,1,presets\dx7\1029_BackSuir.syx
dx7,1030,Bird View ,,5,presets\dx7\1030_Bird_View.syx
dx7,1031,ChorusElms,,23,presets\dx7\1031_ChorusElms.syx
dx7,1032,DX-Stars  ,,4,presets\dx7\1032_DX-Stars.syx
dx7,1033,Electric  ,,1,presets\dx7\1033_Electric.syx
dx7,1034,Evolution ,,17,presets\dx7\1034_Evolution.syx
dx7,1035,FM-Growth ,,3,presets\dx7\1035_FM-Growth.syx
dx7,1036,Paddawire ,,26,presets\dx7\1036_Paddawire.syx
dx7,1037,Fantasynt ,,1,presets\dx7\1037_Fantasynt.syx
dx7,1038,Fluv Push ,,11,presets\dx7\1038_Fluv_Push.syx
dx7,1039,Fmilters  ,,11,presets\dx7\1039_Fmilters.syx
dx7,1040,Glassy    ,,5,presets\dx7\1040_Glassy.syx
dx7,1041,Glastine  ,,5,presets\dx7\1041_Glastine.syx
dx7,1042,Glocker   ,,8,presets\dx7\1042_Glocker.syx
dx7,1043,IceRevEcho,,6,presets\dx7\1043_IceRevEcho.syx
dx7,1044,InitEnsmbl,,9,presets\dx7\1044_InitEnsmbl.syx
dx7,1045,MetalSweep,,18,presets\dx7\1045_MetalSweep.syx
dx7,1046,SquareModd,,31,presets\dx7\1046_SquareModd.syx
dx7,1047,Mpndg Doom,,20,presets\dx7\1047_Mpndg_Doom.syx
dx7,1048,Mystrian  ,,15,presets\dx7\1048_Mystrian.syx
dx7,1049,RepertRise,,23,presets\dx7\1049_RepertRise.syx
dx7,1050,Space Trip,,9,presets\dx7\1050_Space_Trip.syx
dx7,1051,Syn Rise  ,,1,presets\dx7\1051_Syn_Rise.syx
dx7,1052,Glider    ,,15,presets\dx7\1052_Glider.syx
dx7,1053,Anna DX   ,,15,presets\dx7\1053_Anna_DX.syx
dx7,1054,Analog-X  ,,15,presets\dx7\1054_Analog-X.syx
dx7,1055,DX-Atms 1 ,,8,presets\dx7\1055_DX-Atms_1.syx
dx7,1056,DX-Atms 2 ,,5,presets\dx7\1056_DX-Atms_2.syx
dx7,1057,DX-Bright1,,6,presets\dx7\1057_DX-Bright1.syx
dx7,1058,DX-Bright2,,10,presets\dx7\1058_DX-Bright2.syx
dx7,1059,90 K      ,,14,presets\dx7\1059_90_K.syx
dx7,1060,200 K     ,,3,presets\dx7\1060_200_K.syx
dx7,1061,Arrow-X   ,,8,presets\dx7\1061_Arrow-X.syx
dx7,1062,Attacker  ,,15,presets\dx7\1062_Attacker.syx
dx7,1063,Harp Pad  ,,6,presets\dx7\1063_Harp_Pad.syx
dx7,1064,ChiLight  ,,17,presets\dx7\1064_ChiLight.syx
dx7,1065,Digi Calio,,15,presets\dx7\1065_Digi_Calio.syx
dx7,1066,Digitar   ,,12,presets\dx7\1066_Digitar.syx
dx7,1067,Distracted,,11,presets\dx7\1067_Distracted.syx
dx7,1068,FinerThing,,3,presets\dx7\1068_FinerThing.syx
dx7,1069,Fuji Stabs,,7,presets\dx7\1069_Fuji_Stabs.syx
dx7,1070,TouchyEdgy,,11,presets\dx7\1070_TouchyEdgy.syx
dx7,1071,Metal Box ,,5,presets\dx7\1071_Metal_Box.syx
dx7,1072,MilkyWays ,,5,presets\dx7\1072_MilkyWays.syx
dx7,1073,New Elms  ,,15,presets\dx7\1073_New_Elms.syx
dx7,1074,Pipebells ,,16,presets\dx7\1074_Pipebells.syx
dx7,1075,Synsitar  ,,16,presets\dx7\1075_Synsitar.syx
dx7,1076,OctiLate  ,,11,presets\dx7\1076_OctiLate.syx
dx7,1077,NoBoKuto  ,,3,presets\dx7\1077_NoBoKuto.syx
dx7,1078,Syn Bright,,17,presets\dx7\1078_Syn_Bright.syx
dx7,1079,Ting Voice,,16,presets\dx7\1079_Ting_Voice.syx
dx7,1080,Bottlead  ,,13,presets\dx7\1080_Bottlead.syx
dx7,1081,WhapSynth ,,18,presets\dx7\1081_WhapSynth.syx
dx7,1082,DX-Flght  ,,10,presets\dx7\1082_DX-Flght.syx
dx7,1083,Take Off  ,,5,presets\dx7\1083_Take_Off.syx
dx7,1084,DX-Helicpt,,5,presets\dx7\1084_DX-Helicpt.syx
dx7,1085,Helicopter,,18,presets\dx7\1085_Helicopter.syx
dx7,1086,DX-Ship   ,,5,presets\dx7\1086_DX-Ship.syx
dx7,1087,DX-Train  ,,18,presets\dx7\1087_DX-Train.syx
dx7,1088,Mobile    ,,18,presets\dx7\1088_Mobile.syx
dx7,1089,Motors    ,,18,presets\dx7\1089_Motors.syx
dx7,1090,MotorCycle,,18,presets\dx7\1090_MotorCycle.syx
dx7,1091,U Boat    ,,3,presets\dx7\1091_U_Boat.syx
dx7,1092,Ambulance ,,5,presets\dx7\1092_Ambulance.syx
dx7,1093,Whiz By   ,,3,presets\dx7\1093_Whiz_By.syx
dx7,1094,Out-Da-Way,,3,presets\dx7\1094_Out-Da-Way.syx
dx7,1095,Patrol Car,,9,presets\dx7\1095_Patrol_Car.syx
dx7,1096,Sirens    ,,23,presets\dx7\1096_Sirens.syx
dx7,1097,DX-TelBusy,,5,presets\dx7\1097_DX-TelBusy.syx
dx7,1098,DX-TelCall,,12,presets\dx7\1098_DX-TelCall.syx
dx7,1099,DX-TelTone,,23,presets\dx7\1099_DX-TelTone.syx
dx7,1100,DX-TlRing1,,3,presets\dx7\1100_DX-TlRing1.syx
dx7,1101,DX-TlRing2,,5,presets\dx7\1101_DX-TlRing2.syx
dx7,1102,Bugs&Birds,,16,presets\dx7\1102_Bugs_Birds.syx
dx7,1103,DX-Insect1,,3,presets\dx7\1103_DX-Insect1.syx
dx7,1104,DX-Insect2,,5,presets\dx7\1104_DX-Insect2.syx
dx7,1105,DX-Piyo   ,,2,presets\dx7\1105_DX-Piyo.syx
dx7,1106,DX-Growl 1,,18,presets\dx7\1106_DX-Growl_1.syx
dx7,1107,DX-Growl 2,,16,presets\dx7\1107_DX-Growl_2.syx
dx7,1108,Animals   ,,6,presets\dx7\1108_Animals.syx
dx7,1109,DX-Wolf   ,,2,presets\dx7\1109_DX-Wolf.syx
dx7,1110,ManEater  ,,11,presets\dx7\1110_ManEater.syx
dx7,1111,Alarm !   ,,2,presets\dx7\1111_Alarm_.syx
dx7,1112,Aura      ,,3,presets\dx7\1112_Aura.syx
dx7,1113,Chi-S&H   ,,5,presets\dx7\1113_Chi-S_H.syx
dx7,1114,Closing   ,,31,presets\dx7\1114_Closing.syx
dx7,1115,Computer  ,,18,presets\dx7\1115_Computer.syx
dx7,1116,Crasher   ,,6,presets\dx7\1116_Crasher.syx
dx7,1117,DX-BigBen ,,17,presets\dx7\1117_DX-BigBen.syx
dx7,1118,DX-Wave   ,,1,presets\dx7\1118_DX-Wave.syx
dx7,1119,Descent   ,,17,presets\dx7\1119_Descent.syx
dx7,1120,Doppler   ,,18,presets\dx7\1120_Doppler.syx
dx7,1121,Factory   ,,5,presets\dx7\1121_Factory.syx
dx7,1122,GhostLine ,,18,presets\dx7\1122_GhostLine.syx
dx7,1123,Heart Beat,,17,presets\dx7\1123_Heart_Beat.syx
dx7,1124,Imaging   ,,5,presets\dx7\1124_Imaging.syx
dx7,1125,IronEcho 1,,5,presets\dx7\1125_IronEcho_1.syx
dx7,1126,IronEcho 2,,18,presets\dx7\1126_IronEcho_2.syx
dx7,1127,MM-Fall   ,,3,presets\dx7\1127_MM-Fall.syx
dx7,1128,MachineGun,,12,presets\dx7\1128_MachineGun.syx
dx7,1129,MobbyDick ,,17,presets\dx7\1129_MobbyDick.syx
dx7,1130,On the Run,,5,presets\dx7\1130_On_the_Run.syx
dx7,1131,OuterLimit,,17,presets\dx7\1131_OuterLimit.syx
dx7,1132,Perc Shot ,,5,presets\dx7\1132_Perc_Shot.syx
dx7,1133,Repeater  ,,16,presets\dx7\1133_Repeater.syx
dx7,1134,Jet Cars 1,,17,presets\dx7\1134_Jet_Cars_1.syx
dx7,1135,Scorchers ,,5,presets\dx7\1135_Scorchers.syx
dx7,1136,Sci-Fi Too,,18,presets\dx7\1136_Sci-Fi_Too.syx
dx7,1137,Jet Cars 2,,15,presets\dx7\1137_Jet_Cars_2.syx
dx7,1138,Speak-One ,,16,presets\dx7\1138_Speak-One.syx
dx7,1139,Stopper   ,,8,presets\dx7\1139_Stopper.syx
dx7,1140,Super Foot,,18,presets\dx7\1140_Super_Foot.syx
dx7,1141,Talking DX,,32,presets\dx7\1141_Talking_DX.syx
dx7,1142,Transport ,,18,presets\dx7\1142_Transport.syx
dx7,1143,Turn Table,,16,presets\dx7\1143_Turn_Table.syx
dx7,1144,UfoTakeOff,,32,presets\dx7\1144_UfoTakeOff.syx
dx7,1145,Waterfall ,,18,presets\dx7\1145_Waterfall.syx
dx7,1146,Whik Shot ,,18,presets\dx7\1146_Whik_Shot.syx
dx7,1147,Bubblets  ,,3,presets\dx7\1147_Bubblets.syx
dx7,1148,Yes Talk  ,,17,presets\dx7\1148_Yes_Talk.syx
dx7,1149,Help me ! ,,17,presets\dx7\1149_Help_me_.syx
dx7,1150,Paranoir  ,,6,presets\dx7\1150_Paranoir.syx
dx7,1151,Screamy   ,,2,presets\dx7\1151_Screamy.syx
